id,Predictions
0,3
1,1
2,2
3,1
4,2
5,1
6,2
7,4
8,0
9,1
10,4
11,1
12,2
13,5
14,1
15,1
16,5
17,1
18,1
19,0
20,0
21,5
22,5
23,0
24,3
25,3
26,4
27,3
28,2
29,2
30,2
31,1
32,5
33,5
34,4
35,5
36,2
37,5
38,3
39,5
40,3
41,3
42,1
43,0
44,5
45,0
46,3
47,3
48,0
49,2
50,4
51,4
52,0
53,1
54,0
55,3
56,3
57,3
58,5
59,3
60,4
61,0
62,5
63,3
64,3
65,3
66,2
67,1
68,1
69,4
70,1
71,3
72,4
73,3
74,2
75,4
76,1
77,2
78,4
79,4
80,1
81,1
82,3
83,1
84,4
85,2
86,2
87,2
88,1
89,1
90,1
91,3
92,4
93,4
94,1
95,0
96,3
97,3
98,2
99,2
100,1
101,0
102,1
103,3
104,0
105,5
106,3
107,2
108,2
109,5
110,1
111,2
112,2
113,4
114,3
115,3
116,5
117,4
118,4
119,4
120,4
121,5
122,2
123,2
124,4
125,3
126,2
127,4
128,4
129,5
130,3
131,2
132,1
133,0
134,1
135,5
136,2
137,2
138,4
139,2
140,0
141,5
142,3
143,2
144,2
145,0
146,2
147,4
148,2
149,5
150,0
151,1
152,1
153,1
154,1
155,1
156,5
157,2
158,1
159,3
160,1
161,2
162,5
163,4
164,1
165,3
166,1
167,3
168,5
169,5
170,0
171,2
172,1
173,1
174,2
175,5
176,2
177,5
178,3
179,1
180,2
181,4
182,5
183,5
184,1
185,0
186,0
187,3
188,4
189,3
190,2
191,2
192,4
193,4
194,4
195,0
196,0
197,1
198,3
199,4
200,5
201,3
202,0
203,4
204,5
205,1
206,4
207,5
208,0
209,4
210,5
211,0
212,2
213,2
214,3
215,4
216,5
217,5
218,0
219,2
220,5
221,3
222,3
223,3
224,0
225,5
226,1
227,0
228,3
229,2
230,5
231,2
232,1
233,2
234,5
235,4
236,3
237,5
238,2
239,5
240,5
241,2
242,3
243,4
244,1
245,3
246,1
247,3
248,5
249,5
250,2
251,4
252,4
253,3
254,5
255,1
256,3
257,4
258,0
259,0
260,0
261,5
262,0
263,4
264,2
265,3
266,4
267,0
268,3
269,2
270,2
271,2
272,3
273,0
274,3
275,5
276,5
277,2
278,5
279,1
280,0
281,1
282,2
283,2
284,5
285,0
286,0
287,4
288,0
289,1
290,1
291,3
292,1
293,5
294,1
295,5
296,0
297,0
298,0
299,5
300,5
301,2
302,4
303,0
304,1
305,1
306,2
307,0
308,5
309,2
310,0
311,2
312,1
313,3
314,2
315,5
316,5
317,5
318,0
319,5
320,2
321,2
322,1
323,0
324,1
325,5
326,0
327,4
328,4
329,0
330,2
331,1
332,1
333,2
334,1
335,2
336,4
337,0
338,1
339,3
340,2
341,2
342,0
343,2
344,1
345,1
346,2
347,1
348,4
349,3
350,2
351,2
352,2
353,4
354,0
355,3
356,2
357,1
358,4
359,1
360,5
361,4
362,3
363,0
364,0
365,1
366,0
367,4
368,0
369,0
370,5
371,1
372,2
373,5
374,3
375,4
376,2
377,5
378,4
379,4
380,0
381,3
382,1
383,3
384,0
385,4
386,0
387,4
388,0
389,1
390,3
391,0
392,2
393,0
394,1
395,5
396,0
397,5
398,0
399,4
400,5
401,4
402,4
403,4
404,2
405,0
406,4
407,3
408,4
409,0
410,3
411,4
412,1
413,2
414,3
415,4
416,5
417,0
418,2
419,2
420,1
421,4
422,4
423,1
424,5
425,0
426,5
427,5
428,1
429,2
430,2
431,2
432,5
433,4
434,1
435,3
436,0
437,1
438,2
439,1
440,3
441,5
442,4
443,3
444,3
445,5
446,1
447,1
448,5
449,1
450,5
451,4
452,3
453,4
454,1
455,5
456,5
457,5
458,2
459,2
460,2
461,0
462,3
463,4
464,0
465,1
466,1
467,2
468,3
469,1
470,5
471,4
472,4
473,3
474,0
475,0
476,5
477,3
478,3
479,0
480,0
481,5
482,0
483,2
484,1
485,1
486,5
487,1
488,0
489,2
490,4
491,1
492,5
493,1
494,3
495,5
496,4
497,2
498,1
499,4
500,1
501,0
502,5
503,0
504,3
505,0
506,4
507,1
508,4
509,1
510,2
511,1
512,1
513,1
514,5
515,5
516,0
517,4
518,2
519,1
520,5
521,4
522,2
523,5
524,4
525,5
526,5
527,4
528,0
529,3
530,2
531,2
532,5
533,2
534,1
535,0
536,2
537,4
538,3
539,0
540,0
541,2
542,1
543,0
544,1
545,3
546,1
547,0
548,1
549,2
550,1
551,4
552,4
553,3
554,1
555,1
556,5
557,3
558,1
559,4
560,2
561,2
562,4
563,3
564,5
565,5
566,4
567,0
568,2
569,1
570,1
571,5
572,5
573,4
574,5
575,5
576,2
577,5
578,5
579,2
580,4
581,4
582,3
583,2
584,3
585,4
586,3
587,5
588,5
589,4
590,5
591,4
592,1
593,3
594,1
595,4
596,1
597,2
598,3
599,2
600,3
601,0
602,0
603,2
604,5
605,0
606,1
607,5
608,0
609,1
610,2
611,0
612,5
613,3
614,0
615,2
616,5
617,5
618,4
619,0
620,3
621,3
622,5
623,5
624,4
625,0
626,0
627,4
628,4
629,0
630,5
631,3
632,4
633,0
634,3
635,5
636,3
637,0
638,4
639,0
640,3
641,5
642,4
643,5
644,0
645,3
646,0
647,2
648,5
649,4
650,0
651,2
652,1
653,4
654,1
655,0
656,2
657,4
658,2
659,5
660,1
661,2
662,2
663,4
664,3
665,5
666,3
667,4
668,3
669,0
670,0
671,3
672,5
673,0
674,3
675,0
676,2
677,3
678,5
679,1
680,3
681,0
682,3
683,4
684,4
685,0
686,4
687,5
688,2
689,1
690,1
691,0
692,5
693,5
694,4
695,0
696,4
697,1
698,4
699,1
700,3
701,3
702,1
703,1
704,0
705,1
706,5
707,2
708,5
709,3
710,3
711,0
712,2
713,1
714,3
715,5
716,5
717,3
718,5
719,3
720,0
721,1
722,1
723,0
724,3
725,4
726,5
727,2
728,3
729,4
730,2
731,3
732,0
733,3
734,3
735,0
736,3
737,1
738,4
739,1
740,1
741,4
742,4
743,3
744,1
745,5
746,5
747,4
748,4
749,4
750,3
751,0
752,1
753,0
754,0
755,4
756,4
757,5
758,1
759,0
760,3
761,1
762,3
763,3
764,4
765,5
766,2
767,0
768,3
769,0
770,4
771,4
772,0
773,3
774,3
775,4
776,4
777,5
778,2
779,0
780,5
781,1
782,2
783,5
784,1
785,0
786,4
787,0
788,0
789,0
790,2
791,0
792,0
793,0
794,2
795,0
796,0
797,1
798,3
799,4
800,4
801,1
802,2
803,4
804,5
805,5
806,5
807,2
808,4
809,0
810,2
811,2
812,3
813,1
814,1
815,1
816,2
817,3
818,3
819,2
820,1
821,2
822,3
823,1
824,4
825,3
826,0
827,3
828,3
829,5
830,2
831,2
832,1
833,0
834,0
835,3
836,1
837,3
838,4
839,1
840,0
841,5
842,5
843,1
844,2
845,5
846,0
847,2
848,4
849,3
850,3
851,4
852,2
853,1
854,5
855,5
856,2
857,4
858,0
859,1
860,0
861,1
862,1
863,5
864,5
865,1
866,0
867,5
868,2
869,5
870,4
871,2
872,5
873,2
874,2
875,5
876,0
877,1
878,3
879,2
880,0
881,2
882,0
883,1
884,3
885,5
886,5
887,4
888,3
889,1
890,5
891,4
892,1
893,5
894,2
895,5
896,2
897,3
898,0
899,2
900,2
901,4
902,2
903,4
904,3
905,0
906,5
907,4
908,4
909,3
910,0
911,0
912,4
913,1
914,3
915,4
916,2
917,4
918,4
919,3
920,2
921,5
922,5
923,5
924,1
925,5
926,1
927,5
928,1
929,5
930,1
931,1
932,1
933,0
934,3
935,2
936,5
937,5
938,4
939,2
940,0
941,0
942,3
943,1
944,3
945,3
946,1
947,2
948,2
949,3
950,0
951,0
952,1
953,4
954,3
955,1
956,3
957,0
958,1
959,1
960,0
961,5
962,5
963,2
964,3
965,1
966,3
967,3
968,2
969,3
970,5
971,0
972,4
973,3
974,5
975,0
976,3
977,5
978,3
979,4
980,1
981,3
982,1
983,5
984,5
985,1
986,4
987,5
988,2
989,1
990,5
991,5
992,0
993,0
994,3
995,4
996,5
997,3
998,4
999,3
1000,1
1001,4
1002,5
1003,4
1004,2
1005,1
1006,0
1007,3
1008,5
1009,1
1010,1
1011,0
1012,0
1013,0
1014,3
1015,5
1016,5
1017,1
1018,5
1019,1
1020,0
1021,1
1022,2
1023,3
1024,4
1025,5
1026,2
1027,5
1028,3
1029,2
1030,4
1031,1
1032,1
1033,3
1034,0
1035,4
1036,5
1037,3
1038,4
1039,4
1040,2
1041,2
1042,2
1043,4
1044,4
1045,5
1046,0
1047,2
1048,2
1049,5
1050,0
1051,5
1052,0
1053,0
1054,1
1055,2
1056,0
1057,0
1058,5
1059,1
1060,2
1061,3
1062,0
1063,1
1064,1
1065,0
1066,1
1067,3
1068,1
1069,1
1070,0
1071,0
1072,5
1073,4
1074,3
1075,5
1076,1
1077,1
1078,2
1079,0
1080,4
1081,1
1082,5
1083,0
1084,0
1085,4
1086,5
1087,3
1088,1
1089,3
1090,0
1091,1
1092,3
1093,3
1094,0
1095,0
1096,3
1097,1
1098,0
1099,1
1100,5
1101,4
1102,2
1103,5
1104,2
1105,1
1106,1
1107,5
1108,2
1109,0
1110,4
1111,4
1112,5
1113,0
1114,1
1115,2
1116,2
1117,2
1118,0
1119,5
1120,5
1121,1
1122,0
1123,4
1124,4
1125,4
1126,5
1127,4
1128,4
1129,2
1130,5
1131,5
1132,2
1133,3
1134,0
1135,3
1136,5
1137,2
1138,0
1139,0
1140,4
1141,2
1142,0
1143,5
1144,5
1145,4
1146,1
1147,5
1148,0
1149,1
1150,0
1151,4
1152,5
1153,3
1154,3
1155,2
1156,0
1157,2
1158,3
1159,2
1160,5
1161,0
1162,1
1163,4
1164,4
1165,5
1166,5
1167,4
1168,4
1169,2
1170,3
1171,3
1172,0
1173,4
1174,2
1175,0
1176,3
1177,0
1178,0
1179,2
1180,0
1181,3
1182,3
1183,3
1184,1
1185,2
1186,5
1187,1
1188,0
1189,2
1190,0
1191,3
1192,0
1193,4
1194,0
1195,2
1196,4
1197,4
1198,5
1199,1
1200,3
1201,2
1202,2
1203,2
1204,0
1205,0
1206,4
1207,3
1208,5
1209,4
1210,1
1211,2
1212,2
1213,2
1214,1
1215,2
1216,4
1217,3
1218,3
1219,4
1220,0
1221,0
1222,2
1223,4
1224,5
1225,3
1226,1
1227,2
1228,4
1229,2
1230,1
1231,2
1232,5
1233,4
1234,3
1235,0
1236,5
1237,0
1238,0
1239,3
1240,0
1241,0
1242,3
1243,1
1244,4
1245,0
1246,3
1247,4
1248,0
1249,4
1250,1
1251,5
1252,1
1253,2
1254,0
1255,3
1256,4
1257,4
1258,0
1259,0
1260,3
1261,0
1262,5
1263,3
1264,5
1265,5
1266,4
1267,3
1268,2
1269,5
1270,0
1271,2
1272,2
1273,2
1274,5
1275,5
1276,0
1277,4
1278,5
1279,5
1280,3
1281,0
1282,2
1283,5
1284,3
1285,0
1286,0
1287,3
1288,2
1289,5
1290,5
1291,0
1292,4
1293,1
1294,5
1295,1
1296,3
1297,5
1298,2
1299,1
1300,1
1301,4
1302,3
1303,1
1304,2
1305,5
1306,2
1307,4
1308,1
1309,3
1310,1
1311,2
1312,1
1313,1
1314,4
1315,4
1316,0
1317,5
1318,2
1319,4
1320,0
1321,2
1322,2
1323,3
1324,2
1325,2
1326,2
1327,0
1328,3
1329,5
1330,0
1331,4
1332,2
1333,1
1334,5
1335,1
1336,3
1337,1
1338,3
1339,1
1340,2
1341,2
1342,5
1343,5
1344,3
1345,3
1346,5
1347,5
1348,3
1349,0
1350,0
1351,5
1352,3
1353,2
1354,0
1355,5
1356,0
1357,5
1358,3
1359,4
1360,5
1361,1
1362,1
1363,3
1364,1
1365,2
1366,2
1367,0
1368,3
1369,5
1370,3
1371,1
1372,2
1373,5
1374,1
1375,2
1376,4
1377,5
1378,2
1379,0
1380,3
1381,5
1382,2
1383,0
1384,4
1385,2
1386,5
1387,0
1388,5
1389,3
1390,3
1391,2
1392,2
1393,2
1394,3
1395,1
1396,5
1397,2
1398,3
1399,0
1400,5
1401,0
1402,5
1403,4
1404,5
1405,1
1406,2
1407,4
1408,4
1409,2
1410,4
1411,5
1412,1
1413,3
1414,0
1415,3
1416,2
1417,3
1418,4
1419,2
1420,1
1421,3
1422,4
1423,4
1424,5
1425,4
1426,0
1427,2
1428,2
1429,2
1430,1
1431,4
1432,0
1433,2
1434,3
1435,0
1436,0
1437,2
1438,3
1439,2
1440,4
1441,4
1442,4
1443,0
1444,2
1445,2
1446,3
1447,0
1448,2
1449,5
1450,0
1451,2
1452,0
1453,3
1454,3
1455,5
1456,5
1457,4
1458,3
1459,2
1460,0
1461,0
1462,2
1463,5
1464,0
1465,2
1466,0
1467,3
1468,2
1469,3
1470,0
1471,4
1472,0
1473,4
1474,1
1475,2
1476,2
1477,4
1478,0
1479,5
1480,0
1481,0
1482,4
1483,3
1484,0
1485,0
1486,1
1487,4
1488,3
1489,0
1490,5
1491,0
1492,3
1493,4
1494,1
1495,2
1496,3
1497,2
1498,1
1499,1
1500,3
1501,4
1502,3
1503,4
1504,5
1505,1
1506,3
1507,1
1508,1
1509,0
1510,3
1511,0
1512,2
1513,3
1514,2
1515,4
1516,2
1517,0
1518,1
1519,3
1520,3
1521,1
1522,2
1523,3
1524,1
1525,4
1526,2
1527,4
1528,4
1529,3
1530,4
1531,1
1532,4
1533,3
1534,1
1535,1
1536,4
1537,0
1538,4
1539,4
1540,4
1541,1
1542,4
1543,5
1544,4
1545,5
1546,2
1547,2
1548,0
1549,4
1550,4
1551,2
1552,2
1553,4
1554,3
1555,0
1556,1
1557,2
1558,0
1559,4
1560,2
1561,4
1562,4
1563,5
1564,2
1565,1
1566,2
1567,3
1568,3
1569,2
1570,5
1571,1
1572,2
1573,3
1574,2
1575,2
1576,5
1577,1
1578,1
1579,4
1580,1
1581,5
1582,2
1583,3
1584,3
1585,3
1586,4
1587,2
1588,5
1589,0
1590,5
1591,1
1592,3
1593,5
1594,3
1595,4
1596,2
1597,1
1598,3
1599,2
1600,2
1601,2
1602,5
1603,3
1604,2
1605,3
1606,4
1607,4
1608,4
1609,2
1610,3
1611,3
1612,5
1613,4
1614,4
1615,0
1616,3
1617,1
1618,1
1619,4
1620,0
1621,3
1622,4
1623,2
1624,4
1625,1
1626,2
1627,5
1628,4
1629,0
1630,0
1631,1
1632,4
1633,3
1634,2
1635,3
1636,2
1637,0
1638,5
1639,2
1640,5
1641,5
1642,2
1643,4
1644,2
1645,5
1646,0
1647,2
1648,3
1649,5
1650,1
1651,1
1652,5
1653,0
1654,1
1655,0
1656,0
1657,5
1658,1
1659,0
1660,1
1661,1
1662,1
1663,2
1664,4
1665,2
1666,3
1667,2
1668,3
1669,5
1670,5
1671,2
1672,1
1673,0
1674,0
1675,4
1676,3
1677,3
1678,0
1679,3
1680,2
1681,4
1682,1
1683,2
1684,3
1685,5
1686,0
1687,1
1688,3
1689,5
1690,5
1691,0
1692,0
1693,0
1694,0
1695,4
1696,0
1697,5
1698,4
1699,2
1700,1
1701,1
1702,2
1703,0
1704,2
1705,3
1706,5
1707,2
1708,2
1709,4
1710,3
1711,2
1712,4
1713,4
1714,0
1715,2
1716,0
1717,1
1718,4
1719,1
1720,4
1721,3
1722,0
1723,3
1724,4
1725,3
1726,5
1727,3
1728,1
1729,3
1730,4
1731,3
1732,1
1733,5
1734,1
1735,3
1736,0
1737,2
1738,0
1739,0
1740,5
1741,3
1742,5
1743,2
1744,3
1745,3
1746,3
1747,4
1748,5
1749,3
1750,0
1751,3
1752,1
1753,1
1754,4
1755,2
1756,3
1757,3
1758,4
1759,4
1760,4
1761,5
1762,2
1763,4
1764,3
1765,2
1766,1
1767,2
1768,3
1769,2
1770,1
1771,1
1772,1
1773,1
1774,5
1775,5
1776,0
1777,3
1778,3
1779,0
1780,2
1781,5
1782,0
1783,4
1784,1
1785,3
1786,2
1787,4
1788,1
1789,5
1790,0
1791,2
1792,0
1793,1
1794,2
1795,3
1796,3
1797,4
1798,5
1799,2
1800,2
1801,5
1802,4
1803,3
1804,5
1805,1
1806,0
1807,2
1808,3
1809,2
1810,1
1811,0
1812,5
1813,2
1814,3
1815,2
1816,5
1817,2
1818,3
1819,2
1820,4
1821,2
1822,0
1823,4
1824,3
1825,5
1826,2
1827,0
1828,0
1829,5
1830,5
1831,4
1832,1
1833,0
1834,4
1835,4
1836,0
1837,4
1838,0
1839,5
1840,4
1841,4
1842,1
1843,5
1844,3
1845,5
1846,4
1847,4
1848,3
1849,2
1850,2
1851,1
1852,3
1853,1
1854,1
1855,4
1856,2
1857,1
1858,4
1859,3
1860,2
1861,4
1862,0
1863,1
1864,0
1865,4
1866,4
1867,0
1868,4
1869,5
1870,4
1871,5
1872,5
1873,0
1874,2
1875,0
1876,2
1877,4
1878,1
1879,0
1880,5
1881,5
1882,2
1883,0
1884,5
1885,4
1886,0
1887,3
1888,2
1889,5
1890,2
1891,3
1892,4
1893,3
1894,2
1895,3
1896,0
1897,0
1898,2
1899,1
1900,3
1901,3
1902,1
1903,1
1904,4
1905,2
1906,1
1907,2
1908,1
1909,0
1910,4
1911,1
1912,2
1913,2
1914,5
1915,0
1916,5
1917,4
1918,1
1919,2
1920,3
1921,2
1922,5
1923,1
1924,1
1925,4
1926,4
1927,3
1928,2
1929,5
1930,2
1931,4
1932,4
1933,3
1934,2
1935,5
1936,5
1937,5
1938,5
1939,0
1940,1
1941,5
1942,5
1943,5
1944,5
1945,1
1946,4
1947,4
1948,2
1949,4
1950,5
1951,1
1952,2
1953,5
1954,2
1955,4
1956,4
1957,2
1958,0
1959,4
1960,4
1961,3
1962,4
1963,0
1964,5
1965,2
1966,5
1967,4
1968,2
1969,4
1970,4
1971,4
1972,2
1973,1
1974,1
1975,4
1976,5
1977,0
1978,3
1979,3
1980,4
1981,3
1982,1
1983,2
1984,4
1985,5
1986,3
1987,5
1988,1
1989,4
1990,1
1991,4
1992,2
1993,3
1994,2
1995,4
1996,2
1997,5
1998,0
1999,3
2000,3
2001,4
2002,1
2003,4
2004,0
2005,4
2006,2
2007,4
2008,2
2009,3
2010,0
2011,4
2012,5
2013,0
2014,1
2015,3
2016,1
2017,4
2018,0
2019,2
2020,3
2021,5
2022,5
2023,2
2024,3
2025,0
2026,1
2027,4
2028,1
2029,1
2030,4
2031,4
2032,3
2033,1
2034,4
2035,5
2036,4
2037,2
2038,0
2039,1
2040,1
2041,0
2042,4
2043,5
2044,5
2045,4
2046,2
2047,1
2048,2
2049,2
2050,5
2051,3
2052,5
2053,2
2054,4
2055,1
2056,2
2057,0
2058,0
2059,1
2060,0
2061,5
2062,2
2063,2
2064,2
2065,5
2066,3
2067,0
2068,1
2069,3
2070,2
2071,4
2072,5
2073,4
2074,5
2075,2
2076,5
2077,0
2078,1
2079,3
2080,0
2081,2
2082,5
2083,3
2084,4
2085,4
2086,1
2087,1
2088,3
2089,1
2090,2
2091,1
2092,2
2093,1
2094,2
2095,2
2096,4
2097,0
2098,3
2099,5
2100,5
2101,5
2102,4
2103,0
2104,0
2105,0
2106,4
2107,2
2108,2
2109,2
2110,5
2111,2
2112,1
2113,5
2114,4
2115,1
2116,0
2117,1
2118,0
2119,1
2120,1
2121,3
2122,0
2123,4
2124,5
2125,5
2126,0
2127,1
2128,5
2129,4
2130,4
2131,4
2132,0
2133,2
2134,4
2135,0
2136,3
2137,1
2138,2
2139,1
2140,1
2141,3
2142,0
2143,0
2144,5
2145,4
2146,1
2147,0
2148,4
2149,0
2150,5
2151,1
2152,5
2153,0
2154,3
2155,1
2156,4
2157,0
2158,3
2159,1
2160,3
2161,3
2162,2
2163,1
2164,1
2165,2
2166,2
2167,3
2168,2
2169,0
2170,0
2171,5
2172,2
2173,4
2174,3
2175,3
2176,3
2177,3
2178,0
2179,1
2180,4
2181,5
2182,2
2183,2
2184,2
2185,2
2186,3
2187,2
2188,4
2189,4
2190,5
2191,4
2192,1
2193,4
2194,5
2195,5
2196,4
2197,1
2198,2
2199,3
2200,1
2201,4
2202,2
2203,3
2204,5
2205,1
2206,4
2207,3
2208,1
2209,4
2210,3
2211,4
2212,5
2213,4
2214,0
2215,3
2216,3
2217,3
2218,0
2219,1
2220,0
2221,1
2222,2
2223,3
2224,1
2225,3
2226,3
2227,0
2228,3
2229,4
2230,2
2231,3
2232,4
2233,2
2234,4
2235,5
2236,4
2237,3
2238,4
2239,2
2240,5
2241,0
2242,5
2243,1
2244,3
2245,2
2246,0
2247,4
2248,4
2249,1
2250,5
2251,1
2252,1
2253,2
2254,1
2255,3
2256,3
2257,3
2258,1
2259,4
2260,4
2261,2
2262,3
2263,1
2264,3
2265,5
2266,3
2267,4
2268,0
2269,4
2270,2
2271,0
2272,1
2273,5
2274,2
2275,5
2276,4
2277,2
2278,5
2279,0
2280,4
2281,2
2282,2
2283,5
2284,3
2285,4
2286,3
2287,5
2288,2
2289,0
2290,5
2291,5
2292,1
2293,3
2294,1
2295,3
2296,5
2297,5
2298,4
2299,1
2300,2
2301,0
2302,1
2303,3
2304,1
2305,3
2306,4
2307,5
2308,4
2309,5
2310,2
2311,3
2312,4
2313,0
2314,5
2315,1
2316,1
2317,2
2318,2
2319,1
2320,4
2321,5
2322,1
2323,4
2324,4
2325,3
2326,4
2327,3
2328,3
2329,4
2330,2
2331,4
2332,0
2333,3
2334,5
2335,4
2336,4
2337,4
2338,4
2339,1
2340,1
2341,4
2342,2
2343,3
2344,5
2345,4
2346,4
2347,5
2348,1
2349,2
2350,1
2351,0
2352,5
2353,4
2354,3
2355,1
2356,1
2357,5
2358,2
2359,0
2360,3
2361,2
2362,0
2363,1
2364,2
2365,4
2366,0
2367,1
2368,4
2369,1
2370,4
2371,5
2372,5
2373,4
2374,3
2375,0
2376,2
2377,3
2378,0
2379,5
2380,2
2381,4
2382,3
2383,0
2384,4
2385,1
2386,3
2387,0
2388,4
2389,0
2390,4
2391,3
2392,2
2393,4
2394,0
2395,0
2396,4
2397,1
2398,5
2399,4
2400,5
2401,5
2402,0
2403,4
2404,3
2405,0
2406,1
2407,3
2408,2
2409,5
2410,2
2411,0
2412,1
2413,0
2414,3
2415,0
2416,2
2417,3
2418,2
2419,5
2420,1
2421,4
2422,5
2423,1
2424,0
2425,5
2426,0
2427,1
2428,4
2429,3
2430,2
2431,3
2432,2
2433,3
2434,0
2435,5
2436,1
2437,1
2438,2
2439,3
2440,3
2441,4
2442,2
2443,2
2444,0
2445,4
2446,4
2447,1
2448,2
2449,0
2450,2
2451,1
2452,3
2453,1
2454,5
2455,2
2456,3
2457,4
2458,2
2459,0
2460,2
2461,0
2462,1
2463,0
2464,0
2465,2
2466,3
2467,2
2468,1
2469,5
2470,4
2471,5
2472,2
2473,4
2474,1
2475,4
2476,3
2477,1
2478,0
2479,0
2480,0
2481,0
2482,0
2483,2
2484,5
2485,2
2486,4
2487,2
2488,1
2489,3
2490,3
2491,0
2492,5
2493,4
2494,1
2495,3
2496,1
2497,5
2498,1
2499,3
2500,0
2501,3
2502,5
2503,0
2504,2
2505,0
2506,2
2507,0
2508,5
2509,1
2510,0
2511,1
2512,2
2513,5
2514,0
2515,0
2516,5
2517,3
2518,0
2519,3
2520,5
2521,3
2522,0
2523,1
2524,2
2525,5
2526,0
2527,1
2528,3
2529,2
2530,3
2531,2
2532,2
2533,1
2534,0
2535,3
2536,2
2537,4
2538,5
2539,0
2540,5
2541,5
2542,5
2543,4
2544,5
2545,3
2546,3
2547,1
2548,1
2549,0
2550,1
2551,0
2552,1
2553,1
2554,2
2555,1
2556,5
2557,4
2558,5
2559,3
2560,0
2561,2
2562,1
2563,5
2564,0
2565,5
2566,0
2567,2
2568,1
2569,2
2570,0
2571,5
2572,0
2573,4
2574,0
2575,4
2576,5
2577,5
2578,4
2579,2
2580,3
2581,3
2582,0
2583,1
2584,5
2585,5
2586,3
2587,5
2588,2
2589,2
2590,4
2591,2
2592,0
2593,0
2594,3
2595,4
2596,0
2597,5
2598,4
2599,5
2600,4
2601,0
2602,3
2603,5
2604,2
2605,4
2606,1
2607,3
2608,1
2609,0
2610,4
2611,5
2612,5
2613,2
2614,4
2615,5
2616,5
2617,5
2618,2
2619,3
2620,3
2621,4
2622,4
2623,5
2624,1
2625,1
2626,0
2627,0
2628,3
2629,1
2630,3
2631,2
2632,3
2633,5
2634,4
2635,4
2636,3
2637,3
2638,3
2639,3
2640,0
2641,5
2642,2
2643,0
2644,4
2645,3
2646,3
2647,1
2648,3
2649,5
2650,1
2651,3
2652,1
2653,1
2654,5
2655,5
2656,1
2657,3
2658,0
2659,2
2660,2
2661,1
2662,3
2663,2
2664,5
2665,2
2666,0
2667,4
2668,1
2669,0
2670,1
2671,5
2672,0
2673,3
2674,1
2675,1
2676,1
2677,5
2678,5
2679,2
2680,4
2681,1
2682,4
2683,1
2684,2
2685,1
2686,0
2687,3
2688,3
2689,5
2690,0
2691,0
2692,0
2693,5
2694,5
2695,2
2696,0
2697,5
2698,4
2699,3
2700,2
2701,4
2702,3
2703,3
2704,0
2705,4
2706,3
2707,2
2708,3
2709,3
2710,3
2711,0
2712,1
2713,2
2714,5
2715,2
2716,2
2717,3
2718,0
2719,0
2720,0
2721,4
2722,2
2723,4
2724,5
2725,0
2726,4
2727,4
2728,2
2729,1
2730,1
2731,2
2732,2
2733,1
2734,4
2735,2
2736,1
2737,2
2738,5
2739,1
2740,4
2741,4
2742,4
2743,0
2744,3
2745,4
2746,4
2747,0
2748,5
2749,0
2750,4
2751,3
2752,3
2753,1
2754,2
2755,2
2756,4
2757,0
2758,1
2759,3
2760,3
2761,3
2762,4
2763,1
2764,4
2765,0
2766,3
2767,0
2768,5
2769,1
2770,2
2771,5
2772,5
2773,4
2774,1
2775,4
2776,4
2777,1
2778,3
2779,1
2780,0
2781,0
2782,5
2783,5
2784,4
2785,5
2786,4
2787,3
2788,0
2789,5
2790,0
2791,4
2792,1
2793,4
2794,1
2795,4
2796,2
2797,4
2798,4
2799,0
2800,5
2801,5
2802,0
2803,3
2804,1
2805,2
2806,0
2807,2
2808,1
2809,1
2810,0
2811,0
2812,4
2813,3
2814,0
2815,5
2816,0
2817,0
2818,4
2819,2
2820,2
2821,4
2822,3
2823,2
2824,2
2825,2
2826,5
2827,2
2828,1
2829,4
2830,2
2831,1
2832,5
2833,3
2834,2
2835,3
2836,1
2837,1
2838,3
2839,5
2840,1
2841,1
2842,5
2843,1
2844,5
2845,4
2846,4
2847,5
2848,2
2849,3
2850,5
2851,1
2852,5
2853,4
2854,3
2855,1
2856,3
2857,0
2858,3
2859,5
2860,4
2861,4
2862,5
2863,3
2864,1
2865,5
2866,0
2867,4
2868,5
2869,1
2870,4
2871,4
2872,4
2873,3
2874,2
2875,0
2876,1
2877,3
2878,3
2879,2
2880,4
2881,4
2882,3
2883,0
2884,0
2885,3
2886,1
2887,0
2888,0
2889,4
2890,3
2891,3
2892,0
2893,3
2894,0
2895,0
2896,5
2897,0
2898,5
2899,5
2900,1
2901,2
2902,4
2903,1
2904,5
2905,2
2906,2
2907,2
2908,4
2909,2
2910,2
2911,4
2912,3
2913,3
2914,1
2915,1
2916,4
2917,5
2918,2
2919,0
2920,0
2921,3
2922,0
2923,4
2924,1
2925,0
2926,2
2927,2
2928,0
2929,0
2930,3
2931,3
2932,5
2933,5
2934,0
2935,3
2936,5
2937,1
2938,1
2939,1
2940,3
2941,5
2942,4
2943,5
2944,2
2945,0
2946,0
2947,5
2948,4
2949,0
2950,0
2951,2
2952,2
2953,5
2954,5
2955,3
2956,1
2957,5
2958,3
2959,0
2960,3
2961,3
2962,4
2963,2
2964,3
2965,0
2966,3
2967,1
2968,4
2969,1
2970,5
2971,4
2972,0
2973,2
2974,4
2975,2
2976,4
2977,1
2978,0
2979,4
2980,1
2981,5
2982,1
2983,1
2984,5
2985,3
2986,2
2987,0
2988,0
2989,0
2990,3
2991,3
2992,3
2993,0
2994,1
2995,3
2996,1
2997,5
2998,2
2999,5
3000,4
3001,3
3002,2
3003,4
3004,0
3005,3
3006,2
3007,4
3008,1
3009,2
3010,0
3011,2
3012,5
3013,2
3014,0
3015,1
3016,3
3017,3
3018,5
3019,5
3020,4
3021,5
3022,4
3023,0
3024,5
3025,5
3026,1
3027,0
3028,0
3029,4
3030,3
3031,5
3032,2
3033,5
3034,4
3035,3
3036,1
3037,5
3038,2
3039,2
3040,0
3041,1
3042,0
3043,5
3044,1
3045,0
3046,0
3047,0
3048,2
3049,0
3050,2
3051,3
3052,4
3053,0
3054,4
3055,5
3056,5
3057,2
3058,0
3059,2
3060,4
3061,0
3062,4
3063,0
3064,5
3065,0
3066,5
3067,2
3068,1
3069,5
3070,3
3071,1
3072,3
3073,0
3074,2
3075,0
3076,2
3077,0
3078,5
3079,0
3080,2
3081,2
3082,5
3083,3
3084,0
3085,4
3086,4
3087,1
3088,4
3089,3
3090,1
3091,5
3092,2
3093,1
3094,4
3095,1
3096,5
3097,1
3098,3
3099,0
3100,4
3101,1
3102,0
3103,5
3104,4
3105,1
3106,1
3107,4
3108,0
3109,1
3110,3
3111,3
3112,5
3113,5
3114,4
3115,1
3116,4
3117,4
3118,4
3119,4
3120,5
3121,1
3122,2
3123,4
3124,4
3125,0
3126,4
3127,1
3128,2
3129,0
3130,4
3131,5
3132,0
3133,2
3134,3
3135,1
3136,1
3137,4
3138,2
3139,1
3140,3
3141,2
3142,4
3143,5
3144,5
3145,3
3146,1
3147,4
3148,0
3149,2
3150,2
3151,3
3152,4
3153,0
3154,3
3155,3
3156,4
3157,3
3158,5
3159,2
3160,0
3161,5
3162,1
3163,3
3164,2
3165,3
3166,3
3167,1
3168,2
3169,2
3170,0
3171,3
3172,3
3173,4
3174,5
3175,2
3176,4
3177,1
3178,0
3179,4
3180,2
3181,3
3182,1
3183,2
3184,0
3185,4
3186,1
3187,1
3188,0
3189,1
3190,3
3191,2
3192,0
3193,0
3194,5
3195,1
3196,2
3197,4
3198,0
3199,2
3200,4
3201,2
3202,2
3203,2
3204,1
3205,4
3206,0
3207,3
3208,2
3209,2
3210,0
3211,4
3212,3
3213,0
3214,3
3215,2
3216,1
3217,3
3218,4
3219,5
3220,3
3221,3
3222,0
3223,0
3224,5
3225,0
3226,4
3227,1
3228,0
3229,4
3230,2
3231,1
3232,2
3233,2
3234,2
3235,0
3236,5
3237,2
3238,4
3239,0
3240,3
3241,0
3242,2
3243,4
3244,2
3245,4
3246,4
3247,4
3248,1
3249,3
3250,1
3251,2
3252,4
3253,0
3254,1
3255,3
3256,0
3257,3
3258,3
3259,1
3260,5
3261,5
3262,2
3263,4
3264,0
3265,4
3266,0
3267,5
3268,0
3269,1
3270,2
3271,1
3272,2
3273,1
3274,2
3275,3
3276,1
3277,0
3278,4
3279,5
3280,0
3281,1
3282,5
3283,2
3284,4
3285,2
3286,5
3287,0
3288,3
3289,2
3290,5
3291,1
3292,2
3293,1
3294,4
3295,1
3296,2
3297,4
3298,1
3299,3
3300,5
3301,1
3302,5
3303,2
3304,3
3305,3
3306,0
3307,1
3308,0
3309,5
3310,1
3311,4
3312,3
3313,1
3314,2
3315,4
3316,0
3317,4
3318,2
3319,0
3320,4
3321,1
3322,1
3323,4
3324,5
3325,1
3326,4
3327,3
3328,3
3329,1
3330,5
3331,4
3332,2
3333,5
3334,4
3335,1
3336,5
3337,1
3338,1
3339,4
3340,3
3341,2
3342,1
3343,3
3344,3
3345,3
3346,3
3347,4
3348,3
3349,2
3350,4
3351,0
3352,5
3353,5
3354,3
3355,3
3356,5
3357,0
3358,3
3359,0
3360,3
3361,3
3362,4
3363,3
3364,3
3365,3
3366,4
3367,3
3368,1
3369,0
3370,1
3371,0
3372,2
3373,5
3374,5
3375,3
3376,3
3377,2
3378,2
3379,5
3380,1
3381,4
3382,3
3383,3
3384,0
3385,3
3386,0
3387,1
3388,5
3389,5
3390,1
3391,3
3392,0
3393,4
3394,0
3395,5
3396,0
3397,5
3398,4
3399,1
3400,5
3401,5
3402,4
3403,3
3404,1
3405,5
3406,2
3407,0
3408,2
3409,1
3410,2
3411,5
3412,5
3413,3
3414,5
3415,2
3416,5
3417,2
3418,4
3419,0
3420,1
3421,3
3422,2
3423,0
3424,5
3425,0
3426,1
3427,3
3428,4
3429,5
3430,2
3431,3
3432,4
3433,4
3434,2
3435,3
3436,5
3437,4
3438,4
3439,1
3440,4
3441,4
3442,4
3443,4
3444,3
3445,3
3446,1
3447,1
3448,5
3449,0
3450,5
3451,2
3452,2
3453,4
3454,3
3455,1
3456,5
3457,0
3458,5
3459,5
3460,2
3461,3
3462,0
3463,4
3464,4
3465,0
3466,0
3467,0
3468,1
3469,5
3470,3
3471,3
3472,3
3473,3
3474,2
3475,4
3476,5
3477,4
3478,0
3479,3
3480,2
3481,0
3482,4
3483,1
3484,5
3485,3
3486,2
3487,0
3488,2
3489,1
3490,0
3491,4
3492,4
3493,0
3494,0
3495,5
3496,5
3497,3
3498,1
3499,5
3500,3
3501,0
3502,0
3503,4
3504,2
3505,3
3506,3
3507,0
3508,3
3509,1
3510,1
3511,3
3512,2
3513,4
3514,5
3515,2
3516,4
3517,0
3518,3
3519,3
3520,3
3521,2
3522,1
3523,4
3524,4
3525,4
3526,2
3527,1
3528,2
3529,4
3530,4
3531,2
3532,4
3533,3
3534,2
3535,4
3536,1
3537,4
3538,5
3539,2
3540,2
3541,0
3542,5
3543,2
3544,0
3545,5
3546,5
3547,2
3548,4
3549,0
3550,5
3551,1
3552,4
3553,5
3554,0
3555,3
3556,5
3557,1
3558,5
3559,1
3560,2
3561,3
3562,0
3563,2
3564,0
3565,0
3566,0
3567,2
3568,1
3569,1
3570,1
3571,2
3572,4
3573,1
3574,4
3575,5
3576,4
3577,0
3578,2
3579,5
3580,5
3581,0
3582,1
3583,3
3584,1
3585,2
3586,5
3587,0
3588,3
3589,4
3590,4
3591,2
3592,2
3593,2
3594,4
3595,0
3596,3
3597,3
3598,0
3599,2
3600,3
3601,5
3602,5
3603,3
3604,0
3605,4
3606,4
3607,0
3608,5
3609,0
3610,3
3611,4
3612,5
3613,1
3614,3
3615,0
3616,5
3617,1
3618,0
3619,4
3620,5
3621,3
3622,0
3623,1
3624,5
3625,4
3626,5
3627,1
3628,2
3629,5
3630,3
3631,1
3632,5
3633,2
3634,2
3635,4
3636,2
3637,2
3638,2
3639,0
3640,3
3641,0
3642,1
3643,3
3644,0
3645,2
3646,2
3647,0
3648,2
3649,0
3650,3
3651,2
3652,4
3653,0
3654,0
3655,3
3656,3
3657,5
3658,0
3659,3
3660,1
3661,2
3662,2
3663,3
3664,0
3665,1
3666,0
3667,1
3668,0
3669,0
3670,3
3671,1
3672,1
3673,1
3674,0
3675,3
3676,2
3677,3
3678,1
3679,5
3680,1
3681,5
3682,4
3683,3
3684,5
3685,2
3686,1
3687,5
3688,5
3689,4
3690,3
3691,2
3692,2
3693,5
3694,4
3695,2
3696,1
3697,4
3698,5
3699,0
3700,1
3701,4
3702,0
3703,3
3704,3
3705,4
3706,1
3707,0
3708,3
3709,4
3710,5
3711,3
3712,5
3713,4
3714,1
3715,2
3716,1
3717,3
3718,4
3719,3
3720,2
3721,3
3722,1
3723,1
3724,0
3725,4
3726,3
3727,2
3728,1
3729,3
3730,0
3731,2
3732,5
3733,5
3734,1
3735,5
3736,3
3737,4
3738,1
3739,3
3740,5
3741,1
3742,2
3743,4
3744,1
3745,1
3746,1
3747,1
3748,1
3749,1
3750,3
3751,0
3752,5
3753,5
3754,3
3755,3
3756,1
3757,2
3758,2
3759,1
3760,5
3761,0
3762,2
3763,5
3764,3
3765,1
3766,2
3767,4
3768,5
3769,2
3770,4
3771,4
3772,5
3773,1
3774,5
3775,5
3776,2
3777,4
3778,5
3779,2
3780,3
3781,0
3782,5
3783,5
3784,0
3785,5
3786,5
3787,4
3788,0
3789,5
3790,4
3791,3
3792,1
3793,1
3794,2
3795,1
3796,0
3797,4
3798,1
3799,2
3800,2
3801,5
3802,5
3803,0
3804,5
3805,3
3806,2
3807,5
3808,2
3809,2
3810,2
3811,3
3812,0
3813,4
3814,1
3815,3
3816,0
3817,4
3818,4
3819,5
3820,5
3821,5
3822,4
3823,3
3824,4
3825,5
3826,3
3827,4
3828,4
3829,2
3830,5
3831,3
3832,3
3833,3
3834,4
3835,0
3836,1
3837,4
3838,5
3839,4
3840,1
3841,0
3842,0
3843,2
3844,3
3845,4
3846,0
3847,4
3848,3
3849,5
3850,4
3851,4
3852,0
3853,4
3854,3
3855,5
3856,2
3857,3
3858,0
3859,0
3860,2
3861,3
3862,3
3863,4
3864,4
3865,4
3866,5
3867,1
3868,3
3869,3
3870,1
3871,3
3872,2
3873,4
3874,3
3875,4
3876,2
3877,5
3878,4
3879,1
3880,3
3881,0
3882,3
3883,0
3884,0
3885,5
3886,4
3887,3
3888,5
3889,5
3890,4
3891,2
3892,2
3893,3
3894,3
3895,5
3896,3
3897,3
3898,4
3899,0
3900,5
3901,2
3902,2
3903,2
3904,3
3905,4
3906,3
3907,0
3908,4
3909,2
3910,2
3911,5
3912,4
3913,4
3914,5
3915,2
3916,5
3917,3
3918,1
3919,0
3920,5
3921,2
3922,5
3923,2
3924,2
3925,3
3926,4
3927,5
3928,0
3929,5
3930,2
3931,0
3932,0
3933,5
3934,1
3935,2
3936,3
3937,2
3938,0
3939,2
3940,5
3941,2
3942,1
3943,5
3944,0
3945,0
3946,2
3947,1
3948,0
3949,3
3950,3
3951,4
3952,4
3953,1
3954,4
3955,4
3956,1
3957,5
3958,3
3959,1
3960,0
3961,3
3962,1
3963,5
3964,0
3965,3
3966,2
3967,3
3968,5
3969,2
3970,4
3971,3
3972,0
3973,1
3974,5
3975,0
3976,5
3977,4
3978,1
3979,4
3980,1
3981,5
3982,2
3983,4
3984,5
3985,3
3986,5
3987,3
3988,3
3989,0
3990,0
3991,1
3992,4
3993,3
3994,5
3995,1
3996,4
3997,3
3998,1
3999,4
4000,4
4001,5
4002,3
4003,0
4004,1
4005,5
4006,5
4007,3
4008,5
4009,0
4010,4
4011,3
4012,3
4013,0
4014,0
4015,1
4016,2
4017,1
4018,2
4019,4
4020,3
4021,0
4022,3
4023,2
4024,3
4025,5
4026,5
4027,5
4028,3
4029,0
4030,2
4031,5
4032,4
4033,2
4034,2
4035,1
4036,5
4037,2
4038,1
4039,5
4040,5
4041,4
4042,3
4043,3
4044,2
4045,3
4046,5
4047,4
4048,2
4049,0
4050,1
4051,1
4052,5
4053,3
4054,3
4055,5
4056,5
4057,4
4058,1
4059,0
4060,1
4061,5
4062,0
4063,5
4064,5
4065,0
4066,1
4067,2
4068,1
4069,5
4070,3
4071,4
4072,5
4073,2
4074,5
4075,0
4076,1
4077,5
4078,1
4079,2
4080,3
4081,5
4082,5
4083,0
4084,0
4085,2
4086,2
4087,4
4088,0
4089,5
4090,2
4091,3
4092,0
4093,4
4094,0
4095,3
4096,3
4097,0
4098,3
4099,2
4100,3
4101,4
4102,4
4103,0
4104,3
4105,2
4106,2
4107,4
4108,0
4109,4
4110,2
4111,3
4112,2
4113,4
4114,4
4115,5
4116,5
4117,4
4118,2
4119,4
4120,2
4121,3
4122,3
4123,2
4124,5
4125,5
4126,1
4127,3
4128,1
4129,0
4130,5
4131,5
4132,3
4133,1
4134,3
4135,1
4136,3
4137,2
4138,1
4139,4
4140,4
4141,4
4142,5
4143,2
4144,5
4145,0
4146,5
4147,1
4148,1
4149,3
4150,2
4151,0
4152,0
4153,4
4154,0
4155,4
4156,0
4157,2
4158,2
4159,4
4160,0
4161,0
4162,1
4163,5
4164,0
4165,2
4166,3
4167,0
4168,3
4169,0
4170,5
4171,3
4172,4
4173,2
4174,5
4175,5
4176,1
4177,4
4178,1
4179,5
4180,5
4181,5
4182,2
4183,5
4184,2
4185,2
4186,0
4187,2
4188,0
4189,0
4190,4
4191,3
4192,0
4193,5
4194,3
4195,5
4196,3
4197,0
4198,1
4199,4
4200,0
4201,3
4202,4
4203,2
4204,0
4205,0
4206,5
4207,4
4208,3
4209,2
4210,4
4211,4
4212,5
4213,5
4214,4
4215,2
4216,0
4217,0
4218,3
4219,3
4220,2
4221,0
4222,1
4223,0
4224,0
4225,2
4226,1
4227,5
4228,5
4229,1
4230,2
4231,1
4232,4
4233,3
4234,3
4235,3
4236,0
4237,2
4238,4
4239,1
4240,2
4241,0
4242,1
4243,1
4244,4
4245,3
4246,5
4247,1
4248,2
4249,5
4250,0
4251,1
4252,4
4253,2
4254,4
4255,1
4256,3
4257,0
4258,0
4259,3
4260,0
4261,2
4262,5
4263,1
4264,1
4265,2
4266,1
4267,5
4268,0
4269,0
4270,2
4271,0
4272,5
4273,0
4274,4
4275,1
4276,2
4277,4
4278,1
4279,5
4280,1
4281,2
4282,5
4283,5
4284,4
4285,2
4286,0
4287,5
4288,1
4289,4
4290,2
4291,4
4292,4
4293,4
4294,3
4295,4
4296,2
4297,5
4298,2
4299,4
4300,0
4301,4
4302,2
4303,0
4304,3
4305,2
4306,1
4307,0
4308,2
4309,5
4310,1
4311,3
4312,3
4313,3
4314,3
4315,5
4316,0
4317,1
4318,2
4319,4
4320,2
4321,2
4322,1
4323,4
4324,3
4325,5
4326,2
4327,2
4328,5
4329,4
4330,1
4331,3
4332,1
4333,2
4334,2
4335,0
4336,4
4337,0
4338,5
4339,0
4340,1
4341,1
4342,3
4343,1
4344,2
4345,1
4346,0
4347,1
4348,3
4349,1
4350,5
4351,4
4352,0
4353,3
4354,1
4355,1
4356,2
4357,3
4358,2
4359,1
4360,1
4361,5
4362,2
4363,2
4364,2
4365,1
4366,4
4367,5
4368,1
4369,0
4370,4
4371,3
4372,5
4373,4
4374,5
4375,0
4376,1
4377,1
4378,1
4379,5
4380,5
4381,3
4382,5
4383,5
4384,1
4385,0
4386,2
4387,0
4388,1
4389,3
4390,0
4391,4
4392,4
4393,1
4394,0
4395,1
4396,4
4397,1
4398,3
4399,2
4400,3
4401,5
4402,3
4403,0
4404,2
4405,3
4406,1
4407,4
4408,3
4409,2
4410,5
4411,0
4412,3
4413,5
4414,0
4415,4
4416,2
4417,0
4418,1
4419,2
4420,5
4421,5
4422,3
4423,1
4424,4
4425,0
4426,5
4427,2
4428,1
4429,3
4430,3
4431,4
4432,2
4433,4
4434,1
4435,0
4436,2
4437,4
4438,3
4439,2
4440,1
4441,5
4442,0
4443,0
4444,3
4445,1
4446,0
4447,0
4448,0
4449,5
4450,0
4451,3
4452,1
4453,3
4454,4
4455,1
4456,3
4457,1
4458,0
4459,3
4460,5
4461,0
4462,2
4463,3
4464,4
4465,3
4466,4
4467,5
4468,4
4469,3
4470,1
4471,0
4472,1
4473,0
4474,2
4475,0
4476,3
4477,4
4478,1
4479,0
4480,1
4481,2
4482,5
4483,4
4484,3
4485,1
4486,4
4487,4
4488,2
4489,3
4490,0
4491,5
4492,4
4493,4
4494,5
4495,4
4496,0
4497,1
4498,0
4499,5
4500,5
4501,3
4502,0
4503,3
4504,5
4505,3
4506,5
4507,1
4508,2
4509,1
4510,5
4511,5
4512,2
4513,5
4514,2
4515,0
4516,5
4517,1
4518,4
4519,5
4520,5
4521,1
4522,3
4523,3
4524,5
4525,5
4526,2
4527,1
4528,0
4529,0
4530,5
4531,0
4532,1
4533,3
4534,3
4535,5
4536,0
4537,4
4538,4
4539,0
4540,3
4541,5
4542,4
4543,1
4544,5
4545,2
4546,4
4547,5
4548,0
4549,0
4550,0
4551,2
4552,3
4553,1
4554,4
4555,1
4556,1
4557,1
4558,1
4559,1
4560,3
4561,4
4562,0
4563,2
4564,3
4565,4
4566,2
4567,0
4568,4
4569,0
4570,3
4571,3
4572,4
4573,2
4574,0
4575,5
4576,3
4577,1
4578,0
4579,2
4580,4
4581,3
4582,1
4583,4
4584,2
4585,4
4586,2
4587,2
4588,1
4589,3
4590,2
4591,0
4592,5
4593,1
4594,4
4595,5
4596,2
4597,4
4598,1
4599,4
4600,1
4601,4
4602,3
4603,3
4604,4
4605,5
4606,3
4607,4
4608,0
4609,5
4610,3
4611,5
4612,2
4613,3
4614,3
4615,1
4616,4
4617,2
4618,3
4619,2
4620,2
4621,2
4622,0
4623,3
4624,0
4625,4
4626,3
4627,2
4628,0
4629,2
4630,5
4631,4
4632,0
4633,0
4634,5
4635,2
4636,1
4637,4
4638,2
4639,4
4640,0
4641,4
4642,4
4643,0
4644,4
4645,5
4646,5
4647,0
4648,4
4649,2
4650,4
4651,0
4652,5
4653,0
4654,3
4655,5
4656,2
4657,2
4658,3
4659,3
4660,1
4661,2
4662,0
4663,3
4664,1
4665,2
4666,1
4667,0
4668,2
4669,4
4670,0
4671,5
4672,2
4673,0
4674,5
4675,2
4676,2
4677,0
4678,4
4679,3
4680,2
4681,3
4682,0
4683,5
4684,2
4685,1
4686,2
4687,4
4688,5
4689,5
4690,2
4691,3
4692,2
4693,2
4694,3
4695,5
4696,1
4697,0
4698,5
4699,1
4700,1
4701,3
4702,2
4703,1
4704,5
4705,1
4706,0
4707,1
4708,2
4709,4
4710,2
4711,1
4712,4
4713,0
4714,4
4715,1
4716,1
4717,1
4718,4
4719,0
4720,2
4721,1
4722,2
4723,4
4724,1
4725,3
4726,2
4727,0
4728,5
4729,5
4730,5
4731,3
4732,4
4733,3
4734,0
4735,1
4736,3
4737,3
4738,4
4739,3
4740,4
4741,1
4742,2
4743,1
4744,2
4745,5
4746,3
4747,5
4748,4
4749,3
4750,2
4751,3
4752,0
4753,3
4754,4
4755,5
4756,2
4757,5
4758,3
4759,5
4760,3
4761,5
4762,5
4763,2
4764,2
4765,4
4766,2
4767,3
4768,5
4769,0
4770,3
4771,0
4772,3
4773,3
4774,3
4775,2
4776,3
4777,5
4778,5
4779,4
4780,4
4781,0
4782,0
4783,5
4784,4
4785,3
4786,0
4787,5
4788,4
4789,1
4790,5
4791,0
4792,1
4793,3
4794,0
4795,3
4796,2
4797,5
4798,3
4799,2
4800,1
4801,5
4802,2
4803,0
4804,5
4805,3
4806,2
4807,0
4808,1
4809,0
4810,3
4811,3
4812,2
4813,3
4814,3
4815,3
4816,5
4817,0
4818,1
4819,2
4820,2
4821,5
4822,3
4823,4
4824,1
4825,2
4826,1
4827,3
4828,4
4829,1
4830,2
4831,3
4832,1
4833,5
4834,3
4835,2
4836,5
4837,2
4838,5
4839,0
4840,1
4841,1
4842,5
4843,0
4844,5
4845,1
4846,4
4847,0
4848,3
4849,1
4850,0
4851,4
4852,0
4853,0
4854,5
4855,2
4856,5
4857,0
4858,0
4859,0
4860,1
4861,4
4862,4
4863,0
4864,5
4865,4
4866,3
4867,1
4868,3
4869,1
4870,3
4871,3
4872,3
4873,1
4874,1
4875,3
4876,4
4877,5
4878,4
4879,4
4880,2
4881,3
4882,3
4883,1
4884,1
4885,1
4886,2
4887,4
4888,0
4889,3
4890,2
4891,2
4892,1
4893,1
4894,1
4895,0
4896,1
4897,2
4898,1
4899,0
4900,0
4901,0
4902,4
4903,5
4904,5
4905,3
4906,1
4907,2
4908,1
4909,5
4910,0
4911,1
4912,1
4913,3
4914,0
4915,4
4916,3
4917,5
4918,4
4919,1
4920,5
4921,2
4922,3
4923,5
4924,0
4925,1
4926,2
4927,2
4928,0
4929,2
4930,1
4931,5
4932,0
4933,4
4934,2
4935,2
4936,5
4937,1
4938,0
4939,2
4940,3
4941,0
4942,1
4943,1
4944,5
4945,0
4946,4
4947,0
4948,3
4949,4
4950,1
4951,4
4952,0
4953,5
4954,1
4955,3
4956,0
4957,4
4958,2
4959,0
4960,1
4961,5
4962,0
4963,0
4964,2
4965,3
4966,5
4967,5
4968,0
4969,0
4970,2
4971,0
4972,2
4973,4
4974,2
4975,3
4976,0
4977,1
4978,3
4979,0
4980,2
4981,1
4982,2
4983,4
4984,4
4985,2
4986,1
4987,0
4988,3
4989,3
4990,0
4991,0
4992,4
4993,4
4994,3
4995,2
4996,5
4997,3
4998,3
4999,1
5000,4
5001,1
5002,4
5003,0
5004,1
5005,3
5006,1
5007,5
5008,0
5009,5
5010,4
5011,4
5012,5
5013,0
5014,3
5015,2
5016,5
5017,3
5018,1
5019,5
5020,5
5021,3
5022,3
5023,5
5024,1
5025,2
5026,0
5027,4
5028,4
5029,4
5030,0
5031,1
5032,2
5033,3
5034,5
5035,0
5036,5
5037,4
5038,1
5039,1
5040,2
5041,4
5042,1
5043,5
5044,1
5045,0
5046,3
5047,3
5048,0
5049,1
5050,3
5051,4
5052,5
5053,5
5054,0
5055,3
5056,1
5057,2
5058,0
5059,0
5060,3
5061,5
5062,1
5063,5
5064,3
5065,2
5066,2
5067,5
5068,0
5069,1
5070,0
5071,2
5072,2
5073,1
5074,1
5075,5
5076,1
5077,2
5078,5
5079,1
5080,0
5081,3
5082,2
5083,1
5084,4
5085,0
5086,1
5087,3
5088,1
5089,0
5090,5
5091,2
5092,0
5093,0
5094,4
5095,4
5096,2
5097,0
5098,1
5099,0
5100,5
5101,0
5102,2
5103,3
5104,1
5105,3
5106,1
5107,4
5108,1
5109,3
5110,4
5111,2
5112,2
5113,0
5114,4
5115,4
5116,0
5117,2
5118,0
5119,0
5120,2
5121,5
5122,5
5123,3
5124,2
5125,0
5126,3
5127,2
5128,3
5129,1
5130,4
5131,4
5132,2
5133,0
5134,1
5135,3
5136,3
5137,4
5138,1
5139,5
5140,1
5141,2
5142,5
5143,2
5144,4
5145,2
5146,3
5147,1
5148,5
5149,0
5150,1
5151,4
5152,4
5153,5
5154,1
5155,5
5156,1
5157,2
5158,2
5159,1
5160,2
5161,2
5162,3
5163,1
5164,4
5165,5
5166,5
5167,1
5168,0
5169,3
5170,0
5171,3
5172,5
5173,4
5174,2
5175,5
5176,5
5177,3
5178,2
5179,4
5180,5
5181,5
5182,4
5183,1
5184,5
5185,2
5186,2
5187,0
5188,0
5189,0
5190,1
5191,3
5192,1
5193,3
5194,3
5195,2
5196,5
5197,4
5198,0
5199,2
5200,1
5201,2
5202,4
5203,0
5204,4
5205,2
5206,2
5207,1
5208,1
5209,5
5210,1
5211,0
5212,3
5213,3
5214,4
5215,2
5216,2
5217,3
5218,1
5219,2
5220,4
5221,1
5222,2
5223,0
5224,4
5225,3
5226,2
5227,5
5228,0
5229,2
5230,4
5231,4
5232,2
5233,1
5234,0
5235,2
5236,2
5237,3
5238,3
5239,1
5240,1
5241,3
5242,0
5243,3
5244,5
5245,2
5246,0
5247,0
5248,3
5249,1
5250,0
5251,5
5252,2
5253,1
5254,3
5255,0
5256,5
5257,4
5258,3
5259,0
5260,2
5261,3
5262,4
5263,2
5264,5
5265,3
5266,1
5267,5
5268,5
5269,2
5270,0
5271,0
5272,1
5273,4
5274,0
5275,4
5276,0
5277,1
5278,4
5279,2
5280,4
5281,5
5282,0
5283,3
5284,3
5285,4
5286,1
5287,3
5288,5
5289,2
5290,1
5291,5
5292,4
5293,2
5294,4
5295,1
5296,3
5297,1
5298,0
5299,1
5300,3
5301,3
5302,5
5303,2
5304,4
5305,5
5306,3
5307,5
5308,3
5309,5
5310,4
5311,4
5312,1
5313,1
5314,2
5315,0
5316,3
5317,4
5318,2
5319,0
5320,1
5321,0
5322,0
5323,1
5324,4
5325,0
5326,5
5327,5
5328,4
5329,5
5330,5
5331,0
5332,0
5333,4
5334,5
5335,4
5336,2
5337,1
5338,0
5339,4
5340,2
5341,2
5342,2
5343,3
5344,0
5345,5
5346,5
5347,4
5348,1
5349,4
5350,2
5351,1
5352,2
5353,5
5354,2
5355,2
5356,0
5357,2
5358,2
5359,4
5360,1
5361,1
5362,1
5363,2
5364,0
5365,0
5366,5
5367,4
5368,3
5369,2
5370,4
5371,5
5372,4
5373,0
5374,4
5375,4
5376,1
5377,0
5378,2
5379,3
5380,2
5381,3
5382,1
5383,2
5384,5
5385,4
5386,2
5387,0
5388,2
5389,4
5390,0
5391,5
5392,5
5393,4
5394,3
5395,5
5396,3
5397,4
5398,4
5399,2
5400,3
5401,3
5402,3
5403,2
5404,5
5405,1
5406,2
5407,1
5408,0
5409,1
5410,2
5411,4
5412,2
5413,2
5414,3
5415,1
5416,5
5417,2
5418,0
5419,3
5420,4
5421,5
5422,4
5423,5
5424,4
5425,0
5426,5
5427,1
5428,2
5429,1
5430,0
5431,2
5432,3
5433,3
5434,5
5435,1
5436,4
5437,2
5438,1
5439,4
5440,4
5441,2
5442,3
5443,5
5444,1
5445,1
5446,3
5447,0
5448,5
5449,4
5450,3
5451,1
5452,4
5453,2
5454,2
5455,2
5456,4
5457,0
5458,0
5459,5
5460,5
5461,4
5462,5
5463,2
5464,2
5465,3
5466,5
5467,3
5468,3
5469,0
5470,0
5471,1
5472,5
5473,3
5474,0
5475,3
5476,4
5477,5
5478,4
5479,5
5480,2
5481,4
5482,5
5483,2
5484,1
5485,1
5486,1
5487,4
5488,5
5489,2
5490,5
5491,3
5492,4
5493,0
5494,0
5495,5
5496,5
5497,2
5498,5
5499,5
5500,2
5501,4
5502,5
5503,5
5504,3
5505,0
5506,2
5507,3
5508,4
5509,5
5510,1
5511,2
5512,0
5513,2
5514,4
5515,4
5516,2
5517,5
5518,0
5519,3
5520,1
5521,5
5522,2
5523,1
5524,0
5525,2
5526,1
5527,1
5528,1
5529,3
5530,5
5531,3
5532,5
5533,5
5534,2
5535,4
5536,5
5537,3
5538,1
5539,0
5540,2
5541,0
5542,2
5543,2
5544,4
5545,2
5546,4
5547,4
5548,2
5549,4
5550,5
5551,0
5552,0
5553,1
5554,3
5555,3
5556,4
5557,1
5558,2
5559,2
5560,3
5561,1
5562,1
5563,3
5564,3
5565,1
5566,0
5567,2
5568,0
5569,3
5570,2
5571,0
5572,1
5573,1
5574,0
5575,4
5576,3
5577,1
5578,3
5579,4
5580,0
5581,5
5582,3
5583,0
5584,1
5585,1
5586,1
5587,4
5588,1
5589,5
5590,5
5591,3
5592,2
5593,2
5594,0
5595,4
5596,1
5597,4
5598,2
5599,5
5600,5
5601,1
5602,1
5603,0
5604,3
5605,1
5606,0
5607,1
5608,1
5609,0
5610,4
5611,3
5612,2
5613,0
5614,4
5615,1
5616,5
5617,2
5618,2
5619,4
5620,2
5621,4
5622,5
5623,1
5624,5
5625,3
5626,0
5627,2
5628,5
5629,4
5630,2
5631,5
5632,0
5633,2
5634,5
5635,2
5636,0
5637,2
5638,1
5639,2
5640,4
5641,5
5642,1
5643,3
5644,2
5645,5
5646,4
5647,2
5648,0
5649,0
5650,0
5651,5
5652,4
5653,4
5654,4
5655,5
5656,5
5657,4
5658,2
5659,2
5660,4
5661,0
5662,2
5663,0
5664,1
5665,2
5666,1
5667,3
5668,2
5669,4
5670,2
5671,3
5672,1
5673,0
5674,0
5675,3
5676,2
5677,2
5678,0
5679,4
5680,1
5681,4
5682,4
5683,0
5684,1
5685,1
5686,5
5687,5
5688,0
5689,1
5690,0
5691,4
5692,4
5693,1
5694,0
5695,2
5696,1
5697,0
5698,3
5699,3
5700,1
5701,3
5702,1
5703,5
5704,5
5705,3
5706,2
5707,1
5708,3
5709,3
5710,1
5711,5
5712,1
5713,4
5714,0
5715,0
5716,3
5717,3
5718,1
5719,3
5720,3
5721,0
5722,4
5723,0
5724,0
5725,0
5726,1
5727,2
5728,0
5729,5
5730,5
5731,0
5732,2
5733,2
5734,2
5735,3
5736,4
5737,0
5738,3
5739,0
5740,0
5741,0
5742,3
5743,5
5744,5
5745,2
5746,3
5747,4
5748,3
5749,0
5750,1
5751,1
5752,4
5753,2
5754,0
5755,2
5756,4
5757,4
5758,4
5759,0
5760,2
5761,3
5762,5
5763,5
5764,3
5765,5
5766,5
5767,4
5768,4
5769,0
5770,5
5771,5
5772,1
5773,0
5774,5
5775,0
5776,0
5777,2
5778,5
5779,3
5780,2
5781,2
5782,3
5783,5
5784,3
5785,3
5786,2
5787,0
5788,1
5789,3
5790,1
5791,4
5792,0
5793,1
5794,2
5795,4
5796,3
5797,5
5798,2
5799,4
5800,5
5801,2
5802,3
5803,2
5804,4
5805,0
5806,4
5807,4
5808,1
5809,1
5810,1
5811,5
5812,0
5813,0
5814,0
5815,5
5816,5
5817,4
5818,1
5819,0
5820,3
5821,3
5822,3
5823,3
5824,2
5825,2
5826,5
5827,4
5828,0
5829,3
5830,2
5831,5
5832,0
5833,2
5834,1
5835,5
5836,0
5837,3
5838,0
5839,3
5840,4
5841,3
5842,4
5843,1
5844,3
5845,1
5846,1
5847,2
5848,4
5849,4
5850,2
5851,3
5852,2
5853,2
5854,0
5855,4
5856,4
5857,3
5858,4
5859,3
5860,4
5861,5
5862,0
5863,4
5864,5
5865,3
5866,2
5867,3
5868,1
5869,3
5870,4
5871,5
5872,1
5873,2
5874,5
5875,4
5876,3
5877,3
5878,5
5879,2
5880,1
5881,0
5882,4
5883,2
5884,5
5885,0
5886,4
5887,4
5888,5
5889,3
5890,4
5891,0
5892,1
5893,1
5894,5
5895,3
5896,5
5897,5
5898,2
5899,0
5900,2
5901,1
5902,0
5903,0
5904,1
5905,0
5906,3
5907,1
5908,2
5909,4
5910,2
5911,0
5912,2
5913,5
5914,2
5915,4
5916,5
5917,1
5918,5
5919,3
5920,3
5921,3
5922,2
5923,0
5924,5
5925,5
5926,2
5927,4
5928,1
5929,4
5930,1
5931,4
5932,4
5933,3
5934,4
5935,3
5936,4
5937,5
5938,3
5939,5
5940,4
5941,5
5942,3
5943,2
5944,2
5945,3
5946,3
5947,2
5948,4
5949,5
5950,0
5951,2
5952,4
5953,1
5954,4
5955,5
5956,4
5957,1
5958,1
5959,3
5960,3
5961,2
5962,5
5963,2
5964,2
5965,0
5966,1
5967,4
5968,2
5969,1
5970,1
5971,1
5972,5
5973,4
5974,0
5975,0
5976,4
5977,2
5978,0
5979,4
5980,1
5981,1
5982,4
5983,1
5984,3
5985,0
5986,0
5987,4
5988,0
5989,0
5990,0
5991,5
5992,1
5993,0
5994,2
5995,0
5996,1
5997,4
5998,4
5999,1
6000,5
6001,2
6002,1
6003,3
6004,4
6005,4
6006,0
6007,4
6008,1
6009,3
6010,1
6011,4
6012,2
6013,4
6014,3
6015,1
6016,5
6017,4
6018,0
6019,4
6020,1
6021,3
6022,4
6023,3
6024,2
6025,4
6026,5
6027,0
6028,2
6029,3
6030,4
6031,5
6032,5
6033,0
6034,3
6035,3
6036,3
6037,1
6038,4
6039,3
6040,1
6041,2
6042,2
6043,3
6044,2
6045,0
6046,5
6047,2
6048,1
6049,5
6050,4
6051,1
6052,3
6053,5
6054,5
6055,1
6056,0
6057,2
6058,3
6059,5
6060,1
6061,3
6062,3
6063,2
6064,4
6065,4
6066,5
6067,1
6068,4
6069,5
6070,5
6071,1
6072,2
6073,4
6074,5
6075,5
6076,3
6077,3
6078,2
6079,0
6080,1
6081,4
6082,0
6083,0
6084,0
6085,5
6086,3
6087,0
6088,5
6089,3
6090,3
6091,1
6092,5
6093,4
6094,3
6095,3
6096,5
6097,4
6098,5
6099,5
6100,2
6101,1
6102,4
6103,0
6104,1
6105,5
6106,5
6107,1
6108,1
6109,0
6110,0
6111,1
6112,2
6113,2
6114,4
6115,2
6116,0
6117,2
6118,1
6119,1
6120,2
6121,0
6122,1
6123,5
6124,3
6125,5
6126,5
6127,2
6128,0
6129,0
6130,5
6131,4
6132,2
6133,5
6134,3
6135,5
6136,5
6137,3
6138,3
6139,2
6140,5
6141,1
6142,5
6143,1
6144,1
6145,1
6146,2
6147,5
6148,2
6149,1
6150,5
6151,1
6152,0
6153,5
6154,4
6155,1
6156,4
6157,1
6158,2
6159,2
6160,3
6161,5
6162,3
6163,4
6164,3
6165,2
6166,4
6167,4
6168,1
6169,4
6170,2
6171,1
6172,3
6173,0
6174,0
6175,2
6176,4
6177,4
6178,4
6179,0
6180,2
6181,5
6182,4
6183,0
6184,1
6185,0
6186,5
6187,4
6188,4
6189,3
6190,5
6191,2
6192,2
6193,5
6194,4
6195,2
6196,5
6197,5
6198,1
6199,4
6200,2
6201,4
6202,3
6203,0
6204,0
6205,5
6206,2
6207,3
6208,5
6209,2
6210,4
6211,4
6212,2
6213,4
6214,5
6215,4
6216,4
6217,0
6218,1
6219,4
6220,0
6221,5
6222,4
6223,1
6224,0
6225,2
6226,0
6227,5
6228,2
6229,5
6230,2
6231,1
6232,3
6233,1
6234,5
6235,3
6236,2
6237,4
6238,2
6239,3
6240,5
6241,1
6242,1
6243,5
6244,5
6245,5
6246,4
6247,3
6248,5
6249,2
6250,2
6251,3
6252,1
6253,2
6254,0
6255,0
6256,2
6257,5
6258,4
6259,3
6260,5
6261,3
6262,5
6263,5
6264,2
6265,0
6266,2
6267,4
6268,3
6269,2
6270,2
6271,2
6272,0
6273,2
6274,5
6275,0
6276,2
6277,4
6278,2
6279,4
6280,5
6281,3
6282,0
6283,3
6284,1
6285,3
6286,3
6287,4
6288,3
6289,3
6290,2
6291,0
6292,3
6293,5
6294,2
6295,0
6296,3
6297,4
6298,4
6299,2
6300,2
6301,0
6302,0
6303,0
6304,4
6305,3
6306,0
6307,4
6308,1
6309,0
6310,2
6311,4
6312,1
6313,1
6314,1
6315,2
6316,0
6317,2
6318,0
6319,5
6320,1
6321,2
6322,0
6323,2
6324,3
6325,0
6326,4
6327,4
6328,0
6329,0
6330,3
6331,4
6332,4
6333,5
6334,5
6335,5
6336,5
6337,5
6338,0
6339,2
6340,1
6341,2
6342,3
6343,2
6344,1
6345,4
6346,3
6347,0
6348,4
6349,2
6350,4
6351,2
6352,3
6353,3
6354,1
6355,2
6356,4
6357,2
6358,5
6359,5
6360,2
6361,3
6362,3
6363,3
6364,4
6365,3
6366,4
6367,5
6368,3
6369,0
6370,0
6371,0
6372,0
6373,4
6374,0
6375,3
6376,4
6377,3
6378,0
6379,2
6380,2
6381,3
6382,1
6383,1
6384,2
6385,1
6386,2
6387,1
6388,2
6389,5
6390,5
6391,3
6392,5
6393,5
6394,5
6395,2
6396,2
6397,5
6398,2
6399,4
6400,1
6401,5
6402,2
6403,1
6404,3
6405,5
6406,5
6407,3
6408,2
6409,2
6410,2
6411,1
6412,1
6413,3
6414,0
6415,0
6416,3
6417,3
6418,1
6419,4
6420,5
6421,4
6422,1
6423,2
6424,2
6425,1
6426,3
6427,5
6428,5
6429,4
6430,0
6431,5
6432,2
6433,1
6434,2
6435,2
6436,3
6437,0
6438,0
6439,5
6440,0
6441,5
6442,5
6443,4
6444,5
6445,3
6446,4
6447,4
6448,1
6449,0
6450,5
6451,4
6452,5
6453,2
6454,4
6455,2
6456,0
6457,5
6458,3
6459,2
6460,2
6461,1
6462,0
6463,2
6464,3
6465,2
6466,5
6467,4
6468,2
6469,2
6470,0
6471,3
6472,0
6473,5
6474,5
6475,5
6476,4
6477,4
6478,1
6479,0
6480,1
6481,5
6482,2
6483,0
6484,4
6485,1
6486,2
6487,4
6488,1
6489,4
6490,4
6491,5
6492,4
6493,3
6494,1
6495,5
6496,2
6497,0
6498,1
6499,1
6500,5
6501,0
6502,5
6503,0
6504,3
6505,3
6506,2
6507,3
6508,0
6509,5
6510,4
6511,0
6512,0
6513,4
6514,2
6515,1
6516,1
6517,4
6518,5
6519,2
6520,2
6521,0
6522,2
6523,3
6524,1
6525,5
6526,4
6527,3
6528,0
6529,4
6530,3
6531,4
6532,3
6533,2
6534,5
6535,4
6536,3
6537,4
6538,5
6539,0
6540,1
6541,3
6542,0
6543,0
6544,0
6545,5
6546,2
6547,1
6548,2
6549,3
6550,2
6551,2
6552,4
6553,5
6554,2
6555,2
6556,4
6557,1
6558,2
6559,4
6560,1
6561,3
6562,5
6563,3
6564,3
6565,5
6566,4
6567,2
6568,2
6569,0
6570,3
6571,2
6572,4
6573,4
6574,0
6575,5
6576,2
6577,2
6578,2
6579,0
6580,1
6581,0
6582,4
6583,2
6584,0
6585,1
6586,0
6587,0
6588,4
6589,0
6590,3
6591,2
6592,1
6593,2
6594,4
6595,0
6596,4
6597,3
6598,4
6599,5
6600,0
6601,5
6602,4
6603,3
6604,0
6605,0
6606,4
6607,1
6608,0
6609,2
6610,0
6611,2
6612,5
6613,5
6614,2
6615,1
6616,1
6617,0
6618,2
6619,3
6620,5
6621,0
6622,1
6623,4
6624,4
6625,4
6626,2
6627,0
6628,5
6629,2
6630,5
6631,3
6632,2
6633,0
6634,0
6635,0
6636,3
6637,2
6638,4
6639,3
6640,3
6641,5
6642,4
6643,1
6644,2
6645,4
6646,0
6647,4
6648,5
6649,3
6650,0
6651,1
6652,4
6653,0
6654,3
6655,1
6656,2
6657,3
6658,1
6659,5
6660,0
6661,2
6662,3
6663,2
6664,2
6665,0
6666,1
6667,3
6668,2
6669,3
6670,2
6671,0
6672,3
6673,4
6674,0
6675,4
6676,3
6677,2
6678,3
6679,2
6680,5
6681,0
6682,5
6683,3
6684,3
6685,1
6686,0
6687,3
6688,3
6689,5
6690,3
6691,4
6692,3
6693,3
6694,3
6695,1
6696,5
6697,4
6698,0
6699,1
6700,3
6701,4
6702,4
6703,0
6704,4
6705,2
6706,2
6707,2
6708,3
6709,0
6710,5
6711,1
6712,4
6713,3
6714,0
6715,1
6716,4
6717,3
6718,3
6719,2
6720,1
6721,5
6722,5
6723,4
6724,2
6725,4
6726,5
6727,0
6728,5
6729,1
6730,3
6731,4
6732,4
6733,2
6734,4
6735,1
6736,2
6737,4
6738,5
6739,2
6740,1
6741,0
6742,5
6743,1
6744,1
6745,1
6746,2
6747,5
6748,5
6749,2
6750,0
6751,3
6752,2
6753,5
6754,2
6755,1
6756,1
6757,2
6758,1
6759,3
6760,4
6761,1
6762,5
6763,2
6764,4
6765,3
6766,2
6767,3
6768,2
6769,5
6770,3
6771,4
6772,1
6773,1
6774,1
6775,4
6776,4
6777,0
6778,3
6779,5
6780,1
6781,3
6782,0
6783,1
6784,5
6785,3
6786,5
6787,5
6788,2
6789,5
6790,5
6791,4
6792,3
6793,1
6794,2
6795,2
6796,2
6797,4
6798,3
6799,5
6800,4
6801,3
6802,0
6803,0
6804,0
6805,2
6806,5
6807,4
6808,3
6809,2
6810,5
6811,2
6812,0
6813,3
6814,4
6815,5
6816,5
6817,4
6818,4
6819,2
6820,5
6821,1
6822,1
6823,4
6824,2
6825,1
6826,4
6827,1
6828,4
6829,2
6830,1
6831,4
6832,4
6833,5
6834,0
6835,2
6836,2
6837,5
6838,1
6839,5
6840,2
6841,1
6842,3
6843,0
6844,1
6845,2
6846,2
6847,4
6848,0
6849,2
6850,2
6851,5
6852,1
6853,1
6854,5
6855,4
6856,1
6857,3
6858,3
6859,2
6860,1
6861,0
6862,5
6863,3
6864,4
6865,3
6866,3
6867,4
6868,2
6869,2
6870,1
6871,3
6872,0
6873,0
6874,3
6875,0
6876,2
6877,1
6878,0
6879,2
6880,1
6881,1
6882,5
6883,0
6884,2
6885,2
6886,4
6887,3
6888,3
6889,2
6890,0
6891,5
6892,5
6893,4
6894,4
6895,5
6896,5
6897,4
6898,0
6899,2
6900,0
6901,5
6902,0
6903,3
6904,0
6905,0
6906,4
6907,2
6908,0
6909,3
6910,0
6911,1
6912,0
6913,4
6914,1
6915,0
6916,0
6917,4
6918,0
6919,5
6920,5
6921,4
6922,2
6923,0
6924,3
6925,2
6926,1
6927,4
6928,1
6929,5
6930,4
6931,2
6932,1
6933,1
6934,1
6935,3
6936,0
6937,2
6938,4
6939,3
6940,4
6941,5
6942,3
6943,3
6944,4
6945,4
6946,4
6947,4
6948,4
6949,5
6950,5
6951,4
6952,4
6953,5
6954,4
6955,5
6956,3
6957,1
6958,4
6959,0
6960,4
6961,2
6962,0
6963,1
6964,1
6965,5
6966,3
6967,3
6968,5
6969,3
6970,0
6971,2
6972,2
6973,3
6974,0
6975,1
6976,3
6977,5
6978,0
6979,4
6980,4
6981,4
6982,2
6983,0
6984,2
6985,4
6986,2
6987,5
6988,1
6989,5
6990,2
6991,5
6992,1
6993,2
6994,4
6995,4
6996,5
6997,2
6998,5
6999,1
7000,2
7001,5
7002,5
7003,4
7004,5
7005,2
7006,4
7007,1
7008,1
7009,1
7010,5
7011,2
7012,2
7013,4
7014,2
7015,1
7016,4
7017,3
7018,5
7019,4
7020,5
7021,2
7022,1
7023,3
7024,4
7025,0
7026,5
7027,0
7028,5
7029,3
7030,3
7031,2
7032,2
7033,5
7034,5
7035,0
7036,3
7037,4
7038,3
7039,1
7040,5
7041,2
7042,1
7043,3
7044,5
7045,3
7046,4
7047,1
7048,1
7049,3
7050,0
7051,3
7052,1
7053,3
7054,3
7055,1
7056,1
7057,5
7058,1
7059,0
7060,3
7061,5
7062,5
7063,2
7064,2
7065,4
7066,1
7067,3
7068,0
7069,3
7070,0
7071,1
7072,3
7073,1
7074,0
7075,3
7076,0
7077,3
7078,2
7079,0
7080,3
7081,0
7082,4
7083,5
7084,4
7085,2
7086,5
7087,3
7088,1
7089,5
7090,0
7091,0
7092,3
7093,2
7094,1
7095,4
7096,3
7097,2
7098,1
7099,1
7100,0
7101,3
7102,4
7103,3
7104,5
7105,5
7106,5
7107,4
7108,5
7109,4
7110,3
7111,2
7112,0
7113,4
7114,0
7115,3
7116,5
7117,1
7118,2
7119,3
7120,0
7121,5
7122,5
7123,4
7124,2
7125,5
7126,2
7127,3
7128,2
7129,0
7130,2
7131,2
7132,4
7133,0
7134,0
7135,4
7136,5
7137,0
7138,5
7139,0
7140,4
7141,0
7142,1
7143,1
7144,0
7145,4
7146,4
7147,0
7148,1
7149,5
7150,0
7151,5
7152,2
7153,2
7154,2
7155,1
7156,1
7157,3
7158,5
7159,1
7160,0
7161,1
7162,2
7163,4
7164,4
7165,5
7166,2
7167,1
7168,4
7169,2
7170,5
7171,3
7172,3
7173,1
7174,3
7175,5
7176,4
7177,5
7178,5
7179,3
7180,4
7181,4
7182,3
7183,4
7184,0
7185,2
7186,5
7187,5
7188,5
7189,5
7190,3
7191,0
7192,3
7193,1
7194,2
7195,2
7196,3
7197,2
7198,2
7199,1
7200,5
7201,0
7202,1
7203,5
7204,3
7205,2
7206,1
7207,0
7208,0
7209,4
7210,2
7211,0
7212,5
7213,3
7214,5
7215,5
7216,2
7217,3
7218,3
7219,1
7220,2
7221,5
7222,5
7223,4
7224,1
7225,0
7226,0
7227,4
7228,3
7229,3
7230,0
7231,4
7232,5
7233,4
7234,1
7235,0
7236,1
7237,0
7238,1
7239,5
7240,5
7241,5
7242,2
7243,1
7244,2
7245,2
7246,4
7247,4
7248,4
7249,5
7250,0
7251,0
7252,0
7253,1
7254,3
7255,1
7256,5
7257,1
7258,3
7259,2
7260,3
7261,2
7262,1
7263,3
7264,4
7265,3
7266,0
7267,2
7268,1
7269,0
7270,0
7271,2
7272,1
7273,0
7274,0
7275,3
7276,3
7277,2
7278,5
7279,3
7280,0
7281,1
7282,1
7283,3
7284,5
7285,0
7286,3
7287,5
7288,2
7289,1
7290,0
7291,2
7292,5
7293,1
7294,5
7295,2
7296,1
7297,3
7298,0
7299,5
7300,1
7301,3
7302,2
7303,2
7304,5
7305,3
7306,2
7307,5
7308,4
7309,3
7310,0
7311,0
7312,1
7313,5
7314,3
7315,3
7316,2
7317,5
7318,4
7319,3
7320,4
7321,4
7322,5
7323,5
7324,0
7325,1
7326,4
7327,1
7328,5
7329,3
7330,5
7331,0
7332,5
7333,4
7334,1
7335,4
7336,2
7337,3
7338,3
7339,5
7340,0
7341,3
7342,0
7343,4
7344,0
7345,5
7346,5
7347,1
7348,3
7349,3
7350,4
7351,0
7352,5
7353,5
7354,4
7355,3
7356,5
7357,4
7358,1
7359,0
7360,1
7361,0
7362,2
7363,5
7364,5
7365,5
7366,3
7367,4
7368,2
7369,3
7370,4
7371,1
7372,0
7373,3
7374,3
7375,2
7376,1
7377,0
7378,3
7379,5
7380,2
7381,2
7382,2
7383,4
7384,0
7385,4
7386,5
7387,5
7388,0
7389,0
7390,1
7391,3
7392,0
7393,1
7394,4
7395,2
7396,0
7397,0
7398,2
7399,3
7400,4
7401,3
7402,2
7403,3
7404,3
7405,4
7406,5
7407,5
7408,1
7409,4
7410,3
7411,1
7412,1
7413,2
7414,1
7415,1
7416,4
7417,2
7418,3
7419,0
7420,2
7421,5
7422,4
7423,0
7424,1
7425,3
7426,3
7427,3
7428,5
7429,2
7430,4
7431,2
7432,3
7433,2
7434,5
7435,5
7436,4
7437,4
7438,0
7439,3
7440,5
7441,2
7442,1
7443,4
7444,1
7445,4
7446,4
7447,2
7448,5
7449,3
7450,0
7451,5
7452,3
7453,2
7454,0
7455,5
7456,0
7457,3
7458,2
7459,5
7460,2
7461,4
7462,1
7463,4
7464,1
7465,1
7466,4
7467,1
7468,1
7469,4
7470,5
7471,3
7472,5
7473,2
7474,4
7475,2
7476,3
7477,5
7478,3
7479,3
7480,1
7481,0
7482,5
7483,3
7484,1
7485,4
7486,1
7487,1
7488,1
7489,1
7490,5
7491,5
7492,4
7493,4
7494,2
7495,3
7496,0
7497,3
7498,5
7499,2
7500,0
7501,2
7502,5
7503,1
7504,2
7505,0
7506,0
7507,5
7508,2
7509,4
7510,2
7511,0
7512,0
7513,0
7514,0
7515,0
7516,0
7517,2
7518,4
7519,0
7520,3
7521,2
7522,0
7523,0
7524,3
7525,2
7526,4
7527,2
7528,2
7529,0
7530,3
7531,2
7532,2
7533,2
7534,2
7535,4
7536,1
7537,5
7538,1
7539,0
7540,4
7541,3
7542,4
7543,4
7544,2
7545,4
7546,3
7547,2
7548,4
7549,2
7550,4
7551,3
7552,3
7553,3
7554,0
7555,0
7556,0
7557,1
7558,2
7559,1
7560,0
7561,1
7562,4
7563,2
7564,2
7565,1
7566,5
7567,2
7568,0
7569,1
7570,5
7571,1
7572,1
7573,2
7574,1
7575,1
7576,5
7577,1
7578,1
7579,0
7580,1
7581,0
7582,4
7583,2
7584,4
7585,0
7586,3
7587,1
7588,2
7589,3
7590,4
7591,1
7592,1
7593,4
7594,2
7595,0
7596,4
7597,5
7598,1
7599,0
7600,5
7601,3
7602,2
7603,3
7604,4
7605,5
7606,3
7607,2
7608,5
7609,0
7610,5
7611,2
7612,1
7613,2
7614,2
7615,0
7616,0
7617,5
7618,1
7619,4
7620,5
7621,0
7622,3
7623,3
7624,4
7625,0
7626,3
7627,2
7628,5
7629,2
7630,5
7631,5
7632,3
7633,3
7634,1
7635,5
7636,4
7637,3
7638,3
7639,2
7640,3
7641,0
7642,1
7643,2
7644,5
7645,5
7646,4
7647,1
7648,3
7649,4
7650,5
7651,0
7652,0
7653,3
7654,5
7655,2
7656,3
7657,2
7658,3
7659,0
7660,1
7661,2
7662,2
7663,2
7664,1
7665,4
7666,3
7667,3
7668,3
7669,2
7670,2
7671,4
7672,5
7673,3
7674,5
7675,0
7676,2
7677,2
7678,2
7679,4
7680,3
7681,0
7682,1
7683,0
7684,0
7685,3
7686,5
7687,3
7688,5
7689,2
7690,0
7691,0
7692,3
7693,5
7694,4
7695,2
7696,2
7697,4
7698,3
7699,3
7700,4
7701,4
7702,2
7703,5
7704,2
7705,5
7706,5
7707,3
7708,3
7709,0
7710,2
7711,0
7712,5
7713,2
7714,0
7715,0
7716,1
7717,1
7718,2
7719,2
7720,5
7721,5
7722,2
7723,2
7724,2
7725,1
7726,5
7727,5
7728,4
7729,5
7730,3
7731,1
7732,3
7733,5
7734,5
7735,1
7736,2
7737,3
7738,0
7739,1
7740,2
7741,5
7742,1
7743,5
7744,1
7745,4
7746,3
7747,1
7748,4
7749,0
7750,3
7751,2
7752,0
7753,0
7754,4
7755,4
7756,3
7757,0
7758,1
7759,3
7760,1
7761,1
7762,3
7763,1
7764,2
7765,3
7766,0
7767,3
7768,4
7769,4
7770,5
7771,5
7772,2
7773,1
7774,1
7775,0
7776,4
7777,3
7778,1
7779,1
7780,4
7781,1
7782,1
7783,0
7784,5
7785,4
7786,1
7787,5
7788,3
7789,3
7790,3
7791,0
7792,5
7793,2
7794,2
7795,3
7796,2
7797,1
7798,2
7799,4
7800,5
7801,0
7802,1
7803,3
7804,2
7805,1
7806,0
7807,3
7808,5
7809,5
7810,2
7811,0
7812,1
7813,1
7814,3
7815,0
7816,0
7817,0
7818,1
7819,5
7820,2
7821,3
7822,1
7823,5
7824,4
7825,2
7826,1
7827,0
7828,0
7829,0
7830,2
7831,1
7832,5
7833,2
7834,2
7835,3
7836,1
7837,5
7838,0
7839,3
7840,3
7841,5
7842,3
7843,0
7844,5
7845,1
7846,0
7847,3
7848,4
7849,0
7850,1
7851,3
7852,0
7853,2
7854,3
7855,3
7856,1
7857,2
7858,5
7859,1
7860,2
7861,3
7862,0
7863,4
7864,4
7865,3
7866,4
7867,3
7868,0
7869,1
7870,4
7871,5
7872,4
7873,4
7874,5
7875,3
7876,2
7877,1
7878,4
7879,2
7880,4
7881,3
7882,1
7883,1
7884,5
7885,4
7886,5
7887,5
7888,3
7889,5
7890,2
7891,1
7892,4
7893,4
7894,5
7895,2
7896,1
7897,2
7898,1
7899,0
7900,5
7901,2
7902,5
7903,1
7904,4
7905,5
7906,1
7907,0
7908,4
7909,0
7910,2
7911,4
7912,4
7913,3
7914,1
7915,1
7916,4
7917,5
7918,4
7919,3
7920,2
7921,5
7922,1
7923,0
7924,2
7925,1
7926,2
7927,0
7928,3
7929,2
7930,2
7931,4
7932,2
7933,2
7934,1
7935,3
7936,3
7937,5
7938,0
7939,1
7940,0
7941,1
7942,3
7943,4
7944,3
7945,1
7946,0
7947,2
7948,5
7949,1
7950,5
7951,0
7952,2
7953,3
7954,3
7955,4
7956,2
7957,3
7958,0
7959,5
7960,3
7961,4
7962,1
7963,1
7964,1
7965,5
7966,2
7967,5
7968,5
7969,5
7970,3
7971,2
7972,5
7973,3
7974,1
7975,2
7976,0
7977,5
7978,4
7979,1
7980,2
7981,0
7982,2
7983,4
7984,4
7985,2
7986,1
7987,0
7988,3
7989,3
7990,3
7991,2
7992,1
7993,4
7994,0
7995,3
7996,1
7997,2
7998,4
7999,5
8000,1
8001,4
8002,4
8003,4
8004,5
8005,0
8006,3
8007,1
8008,3
8009,2
8010,0
8011,1
8012,5
8013,3
8014,2
8015,5
8016,2
8017,0
8018,4
8019,4
8020,1
8021,3
8022,5
8023,3
8024,5
8025,2
8026,4
8027,4
8028,2
8029,4
8030,1
8031,2
8032,3
8033,1
8034,1
8035,0
8036,4
8037,1
8038,4
8039,4
8040,1
8041,5
8042,3
8043,0
8044,1
8045,1
8046,5
8047,0
8048,5
8049,0
8050,2
8051,5
8052,2
8053,4
8054,0
8055,4
8056,4
8057,0
8058,5
8059,0
8060,4
8061,3
8062,4
8063,4
8064,3
8065,3
8066,2
8067,0
8068,1
8069,0
8070,5
8071,3
8072,3
8073,0
8074,1
8075,1
8076,4
8077,3
8078,0
8079,5
8080,4
8081,1
8082,0
8083,0
8084,2
8085,5
8086,3
8087,0
8088,1
8089,4
8090,1
8091,0
8092,3
8093,2
8094,2
8095,2
8096,4
8097,1
8098,0
8099,0
8100,0
8101,5
8102,5
8103,4
8104,1
8105,5
8106,1
8107,3
8108,3
8109,5
8110,2
8111,5
8112,5
8113,1
8114,1
8115,1
8116,2
8117,1
8118,3
8119,0
8120,3
8121,2
8122,3
8123,2
8124,0
8125,2
8126,5
8127,0
8128,4
8129,2
8130,2
8131,1
8132,4
8133,4
8134,3
8135,2
8136,1
8137,5
8138,4
8139,2
8140,0
8141,0
8142,0
8143,2
8144,4
8145,1
8146,1
8147,1
8148,5
8149,2
8150,2
8151,0
8152,0
8153,4
8154,5
8155,3
8156,3
8157,5
8158,4
8159,5
8160,3
8161,5
8162,4
8163,2
8164,4
8165,2
8166,4
8167,0
8168,2
8169,0
8170,3
8171,2
8172,0
8173,5
8174,0
8175,3
8176,1
8177,2
8178,4
8179,3
8180,2
8181,0
8182,1
8183,4
8184,5
8185,5
8186,5
8187,3
8188,3
8189,5
8190,0
8191,4
8192,5
8193,3
8194,1
8195,0
8196,2
8197,0
8198,2
8199,5
8200,4
8201,0
8202,5
8203,0
8204,4
8205,3
8206,0
8207,0
8208,5
8209,4
8210,1
8211,3
8212,0
8213,4
8214,4
8215,0
8216,5
8217,3
8218,0
8219,0
8220,0
8221,3
8222,0
8223,4
8224,5
8225,1
8226,4
8227,5
8228,5
8229,0
8230,3
8231,3
8232,4
8233,3
8234,1
8235,3
8236,3
8237,0
8238,0
8239,3
8240,1
8241,3
8242,0
8243,5
8244,1
8245,1
8246,3
8247,3
8248,1
8249,0
8250,0
8251,5
8252,0
8253,0
8254,1
8255,0
8256,3
8257,0
8258,3
8259,2
8260,3
8261,0
8262,3
8263,0
8264,3
8265,1
8266,0
8267,4
8268,1
8269,5
8270,4
8271,0
8272,1
8273,5
8274,1
8275,3
8276,0
8277,0
8278,0
8279,0
8280,0
8281,3
8282,1
8283,5
8284,5
8285,4
8286,2
8287,2
8288,4
8289,4
8290,5
8291,2
8292,2
8293,3
8294,5
8295,4
8296,3
8297,3
8298,5
8299,2
8300,5
8301,1
8302,3
8303,1
8304,3
8305,2
8306,0
8307,5
8308,2
8309,4
8310,5
8311,3
8312,5
8313,5
8314,5
8315,2
8316,5
8317,4
8318,4
8319,5
8320,1
8321,1
8322,2
8323,3
8324,3
8325,3
8326,2
8327,1
8328,3
8329,1
8330,0
8331,0
8332,1
8333,4
8334,5
8335,3
8336,2
8337,4
8338,5
8339,1
8340,3
8341,4
8342,4
8343,4
8344,4
8345,5
8346,0
8347,0
8348,2
8349,5
8350,3
8351,1
8352,2
8353,5
8354,5
8355,1
8356,3
8357,2
8358,5
8359,2
8360,0
8361,3
8362,5
8363,3
8364,2
8365,4
8366,0
8367,4
8368,1
8369,0
8370,2
8371,4
8372,0
8373,4
8374,5
8375,0
8376,3
8377,2
8378,2
8379,3
8380,2
8381,2
8382,1
8383,3
8384,0
8385,0
8386,4
8387,3
8388,3
8389,0
8390,5
8391,1
8392,4
8393,3
8394,0
8395,5
8396,2
8397,3
8398,0
8399,2
8400,3
8401,0
8402,5
8403,2
8404,2
8405,5
8406,5
8407,3
8408,5
8409,5
8410,2
8411,5
8412,4
8413,2
8414,2
8415,2
8416,4
8417,5
8418,3
8419,4
8420,2
8421,3
8422,5
8423,5
8424,3
8425,0
8426,2
8427,3
8428,2
8429,4
8430,3
8431,0
8432,0
8433,2
8434,1
8435,2
8436,3
8437,0
8438,1
8439,5
8440,5
8441,2
8442,1
8443,1
8444,5
8445,0
8446,0
8447,3
8448,0
8449,2
8450,1
8451,3
8452,0
8453,1
8454,4
8455,5
8456,4
8457,3
8458,1
8459,2
8460,5
8461,0
8462,4
8463,4
8464,3
8465,0
8466,4
8467,5
8468,3
8469,5
8470,3
8471,5
8472,5
8473,5
8474,4
8475,0
8476,5
8477,2
8478,1
8479,5
8480,1
8481,5
8482,4
8483,1
8484,3
8485,4
8486,1
8487,2
8488,0
8489,1
8490,0
8491,3
8492,3
8493,4
8494,4
8495,2
8496,1
8497,4
8498,0
8499,0
8500,2
8501,1
8502,3
8503,4
8504,1
8505,0
8506,5
8507,1
8508,1
8509,0
8510,2
8511,4
8512,3
8513,5
8514,5
8515,0
8516,2
8517,5
8518,3
8519,5
8520,1
8521,5
8522,5
8523,1
8524,5
8525,4
8526,0
8527,5
8528,3
8529,5
8530,2
8531,4
8532,4
8533,3
8534,1
8535,5
8536,4
8537,4
8538,1
8539,0
8540,2
8541,4
8542,4
8543,2
8544,4
8545,1
8546,4
8547,5
8548,3
8549,3
8550,1
8551,1
8552,2
8553,5
8554,1
8555,3
8556,5
8557,4
8558,0
8559,4
8560,2
8561,5
8562,4
8563,2
8564,4
8565,1
8566,1
8567,0
8568,2
8569,4
8570,4
8571,5
8572,2
8573,2
8574,2
8575,4
8576,5
8577,0
8578,1
8579,5
8580,3
8581,4
8582,0
8583,4
8584,3
8585,0
8586,4
8587,0
8588,3
8589,4
8590,3
8591,4
8592,0
8593,5
8594,0
8595,0
8596,2
8597,5
8598,3
8599,2
8600,1
8601,5
8602,3
8603,0
8604,3
8605,5
8606,2
8607,0
8608,4
8609,4
8610,5
8611,1
8612,3
8613,0
8614,0
8615,4
8616,1
8617,0
8618,1
8619,5
8620,0
8621,0
8622,0
8623,0
8624,1
8625,5
8626,1
8627,2
8628,5
8629,2
8630,4
8631,5
8632,2
8633,4
8634,5
8635,5
8636,4
8637,3
8638,2
8639,4
8640,2
8641,1
8642,2
8643,4
8644,1
8645,4
8646,3
8647,3
8648,3
8649,3
8650,2
8651,1
8652,0
8653,4
8654,2
8655,2
8656,2
8657,5
8658,4
8659,3
8660,0
8661,3
8662,3
8663,4
8664,2
8665,5
8666,5
8667,1
8668,4
8669,1
8670,4
8671,4
8672,5
8673,1
8674,3
8675,0
8676,0
8677,2
8678,1
8679,4
8680,1
8681,1
8682,0
8683,4
8684,1
8685,4
8686,4
8687,4
8688,3
8689,2
8690,4
8691,2
8692,2
8693,4
8694,4
8695,5
8696,5
8697,5
8698,3
8699,4
8700,2
8701,4
8702,0
8703,4
8704,4
8705,5
8706,5
8707,5
8708,1
8709,1
8710,2
8711,5
8712,3
8713,2
8714,1
8715,4
8716,0
8717,0
8718,0
8719,5
8720,5
8721,4
8722,0
8723,1
8724,1
8725,2
8726,5
8727,3
8728,3
8729,4
8730,5
8731,4
8732,5
8733,5
8734,4
8735,2
8736,1
8737,2
8738,4
8739,1
8740,2
8741,3
8742,0
8743,2
8744,5
8745,5
8746,4
8747,1
8748,1
8749,4
8750,5
8751,1
8752,2
8753,2
8754,0
8755,0
8756,2
8757,3
8758,4
8759,4
8760,1
8761,4
8762,4
8763,0
8764,3
8765,0
8766,2
8767,2
8768,2
8769,1
8770,2
8771,1
8772,5
8773,4
8774,4
8775,3
8776,5
8777,2
8778,3
8779,4
8780,0
8781,0
8782,5
8783,2
8784,2
8785,5
8786,1
8787,0
8788,5
8789,5
8790,4
8791,5
8792,4
8793,5
8794,4
8795,2
8796,4
8797,1
8798,5
8799,0
8800,2
8801,1
8802,4
8803,2
8804,0
8805,0
8806,5
8807,1
8808,0
8809,5
8810,2
8811,3
8812,0
8813,2
8814,5
8815,0
8816,2
8817,0
8818,0
8819,1
8820,3
8821,0
8822,0
8823,0
8824,0
8825,5
8826,5
8827,0
8828,0
8829,5
8830,3
8831,4
8832,2
8833,2
8834,2
8835,3
8836,4
8837,5
8838,3
8839,2
8840,3
8841,1
8842,3
8843,2
8844,2
8845,4
8846,2
8847,5
8848,4
8849,2
8850,3
8851,0
8852,1
8853,4
8854,4
8855,1
8856,0
8857,3
8858,1
8859,4
8860,0
8861,2
8862,0
8863,1
8864,3
8865,0
8866,1
8867,3
8868,3
8869,4
8870,0
8871,1
8872,5
8873,2
8874,0
8875,2
8876,0
8877,5
8878,5
8879,1
8880,3
8881,1
8882,0
8883,2
8884,1
8885,0
8886,3
8887,3
8888,3
8889,3
8890,0
8891,5
8892,5
8893,4
8894,2
8895,4
8896,1
8897,4
8898,5
8899,4
8900,0
8901,3
8902,2
8903,0
8904,3
8905,0
8906,2
8907,3
8908,3
8909,2
8910,4
8911,5
8912,1
8913,5
8914,4
8915,1
8916,4
8917,5
8918,1
8919,4
8920,3
8921,5
8922,0
8923,4
8924,1
8925,2
8926,1
8927,4
8928,2
8929,3
8930,5
8931,2
8932,3
8933,5
8934,2
8935,5
8936,1
8937,3
8938,5
8939,2
8940,2
8941,2
8942,3
8943,5
8944,1
8945,3
8946,2
8947,1
8948,2
8949,0
8950,3
8951,1
8952,0
8953,4
8954,4
8955,2
8956,0
8957,0
8958,4
8959,3
8960,2
8961,4
8962,3
8963,5
8964,4
8965,0
8966,0
8967,3
8968,4
8969,5
8970,2
8971,3
8972,4
8973,4
8974,1
8975,5
8976,3
8977,4
8978,0
8979,1
8980,3
8981,0
8982,0
8983,0
8984,2
8985,4
8986,3
8987,3
8988,2
8989,5
8990,3
8991,5
8992,0
8993,3
8994,2
8995,5
8996,0
8997,5
8998,1
8999,3
9000,2
9001,1
9002,5
9003,4
9004,4
9005,1
9006,0
9007,0
9008,2
9009,1
9010,0
9011,1
9012,4
9013,5
9014,5
9015,4
9016,3
9017,0
9018,3
9019,3
9020,2
9021,1
9022,0
9023,1
9024,0
9025,0
9026,5
9027,5
9028,2
9029,3
9030,1
9031,3
9032,0
9033,2
9034,2
9035,3
9036,3
9037,5
9038,4
9039,1
9040,2
9041,4
9042,1
9043,0
9044,4
9045,5
9046,5
9047,0
9048,5
9049,3
9050,5
9051,3
9052,0
9053,3
9054,2
9055,1
9056,0
9057,3
9058,5
9059,3
9060,0
9061,5
9062,4
9063,2
9064,4
9065,1
9066,3
9067,1
9068,1
9069,1
9070,5
9071,0
9072,1
9073,3
9074,2
9075,1
9076,1
9077,5
9078,0
9079,0
9080,3
9081,5
9082,2
9083,4
9084,0
9085,5
9086,1
9087,2
9088,4
9089,4
9090,0
9091,3
9092,0
9093,4
9094,3
9095,1
9096,1
9097,4
9098,3
9099,2
9100,4
9101,2
9102,2
9103,0
9104,0
9105,1
9106,2
9107,3
9108,3
9109,1
9110,2
9111,1
9112,4
9113,0
9114,1
9115,5
9116,4
9117,3
9118,3
9119,0
9120,3
9121,5
9122,3
9123,0
9124,5
9125,4
9126,5
9127,3
9128,5
9129,3
9130,0
9131,3
9132,0
9133,0
9134,0
9135,0
9136,2
9137,5
9138,0
9139,4
9140,1
9141,4
9142,1
9143,0
9144,5
9145,3
9146,0
9147,5
9148,3
9149,4
9150,1
9151,2
9152,0
9153,3
9154,5
9155,2
9156,0
9157,1
9158,3
9159,3
9160,4
9161,0
9162,3
9163,2
9164,4
9165,4
9166,4
9167,1
9168,3
9169,1
9170,5
9171,3
9172,5
9173,0
9174,4
9175,5
9176,3
9177,1
9178,4
9179,3
9180,1
9181,1
9182,4
9183,1
9184,5
9185,0
9186,5
9187,0
9188,0
9189,5
9190,2
9191,2
9192,5
9193,5
9194,0
9195,1
9196,1
9197,2
9198,0
9199,3
9200,3
9201,1
9202,2
9203,2
9204,0
9205,0
9206,5
9207,4
9208,1
9209,3
9210,5
9211,5
9212,1
9213,5
9214,0
9215,4
9216,5
9217,0
9218,4
9219,3
9220,2
9221,5
9222,3
9223,2
9224,2
9225,0
9226,0
9227,2
9228,2
9229,0
9230,3
9231,5
9232,3
9233,2
9234,1
9235,4
9236,4
9237,5
9238,5
9239,3
9240,5
9241,5
9242,2
9243,0
9244,4
9245,4
9246,3
9247,4
9248,3
9249,5
9250,4
9251,2
9252,5
9253,2
9254,2
9255,2
9256,2
9257,5
9258,0
9259,4
9260,4
9261,3
9262,3
9263,3
9264,1
9265,5
9266,1
9267,3
9268,4
9269,4
9270,4
9271,3
9272,0
9273,3
9274,5
9275,3
9276,0
9277,3
9278,3
9279,1
9280,4
9281,4
9282,1
9283,4
9284,0
9285,0
9286,3
9287,2
9288,5
9289,5
9290,0
9291,3
9292,5
9293,3
9294,4
9295,1
9296,2
9297,1
9298,3
9299,3
9300,0
9301,4
9302,0
9303,3
9304,3
9305,5
9306,0
9307,0
9308,3
9309,2
9310,1
9311,2
9312,0
9313,1
9314,2
9315,4
9316,4
9317,1
9318,2
9319,2
9320,3
9321,0
9322,3
9323,0
9324,5
9325,5
9326,0
9327,5
9328,0
9329,3
9330,5
9331,2
9332,0
9333,1
9334,5
9335,5
9336,3
9337,3
9338,5
9339,3
9340,1
9341,5
9342,4
9343,3
9344,0
9345,3
9346,0
9347,0
9348,2
9349,5
9350,5
9351,1
9352,4
9353,2
9354,2
9355,1
9356,1
9357,5
9358,2
9359,4
9360,5
9361,2
9362,4
9363,2
9364,1
9365,1
9366,2
9367,1
9368,3
9369,3
9370,2
9371,4
9372,2
9373,3
9374,1
9375,0
9376,0
9377,0
9378,4
9379,3
9380,3
9381,2
9382,1
9383,0
9384,2
9385,5
9386,1
9387,4
9388,5
9389,4
9390,0
9391,0
9392,2
9393,0
9394,4
9395,3
9396,1
9397,4
9398,1
9399,1
9400,1
9401,5
9402,0
9403,0
9404,0
9405,5
9406,4
9407,0
9408,3
9409,2
9410,1
9411,1
9412,1
9413,1
9414,5
9415,1
9416,4
9417,4
9418,4
9419,5
9420,3
9421,3
9422,4
9423,2
9424,3
9425,4
9426,4
9427,0
9428,5
9429,5
9430,4
9431,3
9432,5
9433,4
9434,3
9435,5
9436,4
9437,2
9438,0
9439,1
9440,2
9441,3
9442,2
9443,0
9444,3
9445,0
9446,5
9447,4
9448,5
9449,5
9450,1
9451,2
9452,3
9453,3
9454,4
9455,1
9456,1
9457,5
9458,5
9459,1
9460,0
9461,5
9462,1
9463,3
9464,5
9465,4
9466,5
9467,2
9468,0
9469,3
9470,4
9471,1
9472,2
9473,4
9474,2
9475,0
9476,5
9477,0
9478,1
9479,4
9480,1
9481,2
9482,1
9483,2
9484,1
9485,0
9486,1
9487,2
9488,1
9489,0
9490,2
9491,3
9492,2
9493,4
9494,0
9495,5
9496,4
9497,3
9498,4
9499,1
9500,1
9501,0
9502,0
9503,4
9504,5
9505,0
9506,1
9507,5
9508,1
9509,2
9510,4
9511,1
9512,2
9513,0
9514,5
9515,4
9516,5
9517,3
9518,2
9519,4
9520,3
9521,3
9522,4
9523,2
9524,2
9525,4
9526,0
9527,2
9528,4
9529,1
9530,0
9531,4
9532,0
9533,1
9534,1
9535,0
9536,0
9537,4
9538,3
9539,2
9540,2
9541,1
9542,0
9543,3
9544,4
9545,5
9546,2
9547,4
9548,5
9549,0
9550,5
9551,5
9552,4
9553,0
9554,3
9555,3
9556,1
9557,2
9558,4
9559,0
9560,0
9561,3
9562,3
9563,5
9564,1
9565,5
9566,5
9567,0
9568,5
9569,4
9570,1
9571,4
9572,3
9573,2
9574,2
9575,1
9576,1
9577,0
9578,4
9579,0
9580,0
9581,3
9582,2
9583,2
9584,4
9585,0
9586,1
9587,0
9588,3
9589,1
9590,5
9591,3
9592,5
9593,1
9594,2
9595,3
9596,1
9597,1
9598,2
9599,3
9600,1
9601,1
9602,0
9603,3
9604,5
9605,1
9606,2
9607,4
9608,2
9609,0
9610,5
9611,4
9612,5
9613,0
9614,2
9615,4
9616,4
9617,0
9618,1
9619,1
9620,4
9621,5
9622,4
9623,0
9624,2
9625,3
9626,4
9627,1
9628,3
9629,4
9630,5
9631,2
9632,5
9633,1
9634,1
9635,0
9636,5
9637,2
9638,4
9639,5
9640,3
9641,2
9642,5
9643,2
9644,1
9645,3
9646,3
9647,1
9648,4
9649,0
9650,1
9651,1
9652,5
9653,0
9654,5
9655,4
9656,2
9657,4
9658,3
9659,2
9660,3
9661,4
9662,5
9663,2
9664,0
9665,2
9666,2
9667,2
9668,3
9669,4
9670,3
9671,0
9672,0
9673,5
9674,1
9675,5
9676,4
9677,0
9678,4
9679,2
9680,0
9681,5
9682,4
9683,1
9684,1
9685,3
9686,1
9687,0
9688,0
9689,1
9690,3
9691,1
9692,2
9693,4
9694,2
9695,4
9696,0
9697,2
9698,1
9699,0
9700,3
9701,3
9702,5
9703,0
9704,4
9705,4
9706,0
9707,5
9708,2
9709,4
9710,5
9711,3
9712,0
9713,4
9714,3
9715,2
9716,0
9717,1
9718,2
9719,5
9720,5
9721,2
9722,1
9723,4
9724,5
9725,1
9726,0
9727,4
9728,2
9729,0
9730,3
9731,3
9732,3
9733,2
9734,3
9735,1
9736,5
9737,1
9738,2
9739,1
9740,0
9741,3
9742,1
9743,1
9744,1
9745,3
9746,4
9747,3
9748,4
9749,2
9750,5
9751,0
9752,2
9753,2
9754,1
9755,5
9756,0
9757,4
9758,0
9759,1
9760,0
9761,3
9762,3
9763,5
9764,3
9765,1
9766,2
9767,2
9768,3
9769,2
9770,5
9771,5
9772,0
9773,2
9774,0
9775,1
9776,1
9777,3
9778,3
9779,3
9780,5
9781,0
9782,3
9783,3
9784,2
9785,1
9786,5
9787,1
9788,0
9789,0
9790,2
9791,0
9792,4
9793,4
9794,2
9795,2
9796,1
9797,1
9798,4
9799,4
9800,2
9801,3
9802,3
9803,5
9804,4
9805,5
9806,0
9807,0
9808,5
9809,2
9810,3
9811,5
9812,1
9813,2
9814,1
9815,3
9816,3
9817,5
9818,0
9819,5
9820,4
9821,2
9822,3
9823,4
9824,3
9825,4
9826,4
9827,4
9828,0
9829,0
9830,5
9831,1
9832,1
9833,4
9834,5
9835,4
9836,2
9837,1
9838,3
9839,0
9840,1
9841,3
9842,3
9843,3
9844,1
9845,3
9846,1
9847,2
9848,1
9849,5
9850,0
9851,2
9852,1
9853,5
9854,2
9855,4
9856,4
9857,4
9858,4
9859,4
9860,1
9861,4
9862,2
9863,1
9864,5
9865,2
9866,5
9867,4
9868,0
9869,3
9870,4
9871,4
9872,4
9873,3
9874,0
9875,1
9876,2
9877,5
9878,5
9879,0
9880,5
9881,4
9882,4
9883,3
9884,3
9885,4
9886,1
9887,0
9888,2
9889,2
9890,4
9891,0
9892,3
9893,4
9894,5
9895,4
9896,5
9897,0
9898,5
9899,2
9900,2
9901,3
9902,0
9903,0
9904,0
9905,2
9906,5
9907,1
9908,2
9909,3
9910,2
9911,2
9912,1
9913,2
9914,4
9915,1
9916,0
9917,0
9918,3
9919,4
9920,3
9921,5
9922,2
9923,2
9924,1
9925,4
9926,3
9927,0
9928,3
9929,3
9930,4
9931,3
9932,3
9933,4
9934,0
9935,2
9936,0
9937,3
9938,4
9939,3
9940,0
9941,1
9942,1
9943,2
9944,3
9945,4
9946,1
9947,2
9948,4
9949,4
9950,0
9951,5
9952,5
9953,2
9954,1
9955,1
9956,5
9957,0
9958,4
9959,3
9960,2
9961,3
9962,2
9963,1
9964,1
9965,2
9966,1
9967,1
9968,3
9969,2
9970,4
9971,5
9972,1
9973,0
9974,1
9975,4
9976,4
9977,0
9978,3
9979,1
9980,2
9981,5
9982,1
9983,0
9984,4
9985,0
9986,3
9987,5
9988,4
9989,3
9990,4
9991,4
9992,2
9993,3
9994,4
9995,1
9996,3
9997,1
9998,3
9999,4
10000,5
10001,5
10002,2
10003,3
10004,5
10005,5
10006,4
10007,0
10008,4
10009,0
10010,0
10011,0
10012,2
10013,3
10014,3
10015,5
10016,5
10017,0
10018,2
10019,1
10020,0
10021,0
10022,5
10023,3
10024,1
10025,2
10026,2
10027,0
10028,1
10029,4
10030,1
10031,4
10032,3
10033,0
10034,1
10035,0
10036,4
10037,1
10038,4
10039,4
10040,5
10041,5
10042,0
10043,2
10044,3
10045,0
10046,4
10047,1
10048,2
10049,2
10050,4
10051,1
10052,3
10053,0
10054,4
10055,1
10056,4
10057,4
10058,3
10059,0
10060,3
10061,3
10062,0
10063,1
10064,1
10065,2
10066,3
10067,3
10068,0
10069,2
10070,5
10071,2
10072,0
10073,2
10074,0
10075,0
10076,1
10077,3
10078,4
10079,2
10080,0
10081,5
10082,4
10083,4
10084,1
10085,4
10086,0
10087,5
10088,4
10089,5
10090,4
10091,3
10092,3
10093,1
10094,5
10095,3
10096,0
10097,4
10098,2
10099,1
10100,2
10101,3
10102,4
10103,2
10104,3
10105,1
10106,3
10107,1
10108,1
10109,5
10110,1
10111,0
10112,3
10113,1
10114,1
10115,0
10116,5
10117,5
10118,4
10119,3
10120,4
10121,5
10122,3
10123,3
10124,2
10125,2
10126,5
10127,0
10128,5
10129,0
10130,3
10131,3
10132,1
10133,4
10134,5
10135,0
10136,0
10137,2
10138,4
10139,5
10140,2
10141,3
10142,0
10143,0
10144,1
10145,1
10146,2
10147,1
10148,5
10149,3
10150,0
10151,5
10152,4
10153,2
10154,1
10155,5
10156,2
10157,1
10158,4
10159,2
10160,4
10161,3
10162,2
10163,2
10164,3
10165,5
10166,3
10167,1
10168,0
10169,1
10170,5
10171,3
10172,5
10173,5
10174,2
10175,5
10176,3
10177,0
10178,1
10179,3
10180,2
10181,1
10182,3
10183,0
10184,3
10185,5
10186,4
10187,2
10188,4
10189,0
10190,2
10191,3
10192,5
10193,0
10194,0
10195,0
10196,1
10197,5
10198,2
10199,5
10200,5
10201,1
10202,2
10203,1
10204,4
10205,0
10206,0
10207,5
10208,3
10209,0
10210,0
10211,4
10212,5
10213,3
10214,3
10215,2
10216,1
10217,3
10218,2
10219,0
10220,3
10221,3
10222,2
10223,2
10224,0
10225,5
10226,4
10227,0
10228,1
10229,5
10230,5
10231,5
10232,5
10233,0
10234,3
10235,5
10236,3
10237,3
10238,2
10239,4
10240,3
10241,4
10242,5
10243,3
10244,4
10245,5
10246,5
10247,4
10248,5
10249,4
10250,3
10251,5
10252,0
10253,2
10254,2
10255,4
10256,2
10257,1
10258,0
10259,0
10260,2
10261,0
10262,0
10263,0
10264,2
10265,3
10266,1
10267,2
10268,5
10269,3
10270,1
10271,3
10272,5
10273,0
10274,3
10275,1
10276,0
10277,5
10278,2
10279,3
10280,1
10281,3
10282,3
10283,5
10284,3
10285,4
10286,1
10287,4
10288,5
10289,1
10290,0
10291,4
10292,2
10293,5
10294,0
10295,1
10296,4
10297,3
10298,3
10299,4
10300,5
10301,5
10302,0
10303,3
10304,4
10305,0
10306,1
10307,0
10308,2
10309,5
10310,1
10311,1
10312,2
10313,4
10314,0
10315,0
10316,4
10317,3
10318,3
10319,2
10320,5
10321,1
10322,4
10323,0
10324,2
10325,4
10326,3
10327,3
10328,5
10329,3
10330,5
10331,3
10332,3
10333,2
10334,3
10335,5
10336,5
10337,3
10338,4
10339,2
10340,1
10341,3
10342,0
10343,1
10344,4
10345,0
10346,4
10347,2
10348,4
10349,5
10350,2
10351,0
10352,0
10353,5
10354,4
10355,4
10356,1
10357,1
10358,1
10359,1
10360,4
10361,3
10362,3
10363,0
10364,0
10365,5
10366,3
10367,4
10368,1
10369,1
10370,5
10371,3
10372,4
10373,1
10374,1
10375,5
10376,0
10377,4
10378,2
10379,2
10380,2
10381,5
10382,4
10383,5
10384,3
10385,4
10386,3
10387,0
10388,3
10389,4
10390,0
10391,1
10392,5
10393,5
10394,2
10395,3
10396,4
10397,5
10398,5
10399,4
10400,5
10401,4
10402,2
10403,3
10404,0
10405,1
10406,0
10407,0
10408,0
10409,2
10410,1
10411,2
10412,1
10413,3
10414,5
10415,2
10416,5
10417,0
10418,1
10419,5
10420,0
10421,1
10422,1
10423,5
10424,3
10425,0
10426,4
10427,4
10428,2
10429,4
10430,4
10431,0
10432,1
10433,0
10434,3
10435,0
10436,1
10437,2
10438,1
10439,1
10440,1
10441,2
10442,3
10443,3
10444,0
10445,0
10446,3
10447,0
10448,2
10449,5
10450,1
10451,2
10452,3
10453,5
10454,2
10455,4
10456,2
10457,0
10458,0
10459,2
10460,3
10461,5
10462,4
10463,0
10464,3
10465,5
10466,3
10467,0
10468,4
10469,1
10470,1
10471,5
10472,3
10473,3
10474,2
10475,5
10476,1
10477,5
10478,5
10479,0
10480,4
10481,5
10482,1
10483,1
10484,1
10485,1
10486,3
10487,5
10488,2
10489,3
10490,4
10491,4
10492,0
10493,0
10494,4
10495,2
10496,4
10497,4
10498,0
10499,3
10500,3
10501,5
10502,2
10503,2
10504,5
10505,4
10506,3
10507,0
10508,4
10509,5
10510,2
10511,1
10512,3
10513,3
10514,5
10515,2
10516,4
10517,0
10518,4
10519,4
10520,5
10521,5
10522,5
10523,0
10524,1
10525,2
10526,4
10527,1
10528,1
10529,3
10530,2
10531,5
10532,5
10533,3
10534,5
10535,3
10536,3
10537,0
10538,5
10539,4
10540,0
10541,5
10542,0
10543,3
10544,4
10545,4
10546,1
10547,1
10548,2
10549,4
10550,1
10551,4
10552,1
10553,5
10554,4
10555,0
10556,1
10557,1
10558,1
10559,1
10560,4
10561,1
10562,3
10563,3
10564,2
10565,2
10566,0
10567,3
10568,5
10569,0
10570,0
10571,4
10572,0
10573,1
10574,1
10575,0
10576,2
10577,5
10578,0
10579,1
10580,3
10581,1
10582,1
10583,5
10584,3
10585,3
10586,1
10587,0
10588,3
10589,3
10590,3
10591,1
10592,4
10593,4
10594,3
10595,0
10596,2
10597,1
10598,0
10599,0
10600,0
10601,5
10602,5
10603,0
10604,4
10605,2
10606,3
10607,4
10608,0
10609,5
10610,1
10611,5
10612,5